"niu","car_t1732_codigo_conexion","tipo_de_conexion","car_t1732_nivel_tension","car_t1732_nivel_tension_prim","car_t1732_porc_propiedad","conexion_red","comercializador","car_t1732_id_comer","car_t1732_id_mercado","car_t1732_grupo_calidad","car_t1732_cod_frontera_comer","car_t1732_cod_circuito_linea","car_t1732_cod_transformador","car_t1732_dane_niu","ubicacion","condiciones_esp","tipo_area_esp","car_t1732_cod_area_esp","estrato_sector","autogenerador","exporta_energia","replace_car_t1732_capacidad","tipo_generacion","car_t1732_cod_frontera_autog","fecha_opera","contrato_resp","car_t1732_cap_contrato_resp","identificador_empresa","are_esp_nombre","car_carg_ano","car_carg_periodo","dane_nom_dpto","dane_nom_mpio","dane_nom_poblad","nom_mercado"
"499932388670609452499932388","1482459","TRANSFORMADOR","1","2","100","AEREO","JUNTA ADMINISTRADORA DE LOS SERVICIOS DE ACUEDUCTO Y ALCANTARILLADO DE LA URBANIZACION CERROS DEL GRANATE","2438","165","11","OR0001","1706","1482459","76001000","URBANO","NINGUNA","NINGUNA","0","MEDIO-BAJO","NO",,,,,,,,"2438","EMPRESAS MUNICIPALES DE CALI   E.I.C.E  E.S.P","2021","8","VALLE DEL CAUCA","CALI","SANTIAGO DE CALI","CALI - YUMBO - PUERTO TEJADA"
"243581738438588796243581738","E14491","TRANSFORMADOR","1","2","100","AEREO","JUNTA ADMINISTRADORA DE LOS SERVICIOS DE ACUEDUCTO Y ALCANTARILLADO DE LA URBANIZACION CERROS DEL GRANATE","2438","165","11","OR0001","1019","E14491","76001000","URBANO","NINGUNA","ZONAS DIFICIL GESTION","5006","BAJO-BAJO","NO",,,,,,,,"2438","EMPRESAS MUNICIPALES DE CALI   E.I.C.E  E.S.P","2021","8","VALLE DEL CAUCA","CALI","SANTIAGO DE CALI","CALI - YUMBO - PUERTO TEJADA"
"368154639414049028368154639","E12458","TRANSFORMADOR","1","2","100","AEREO","JUNTA ADMINISTRADORA DE LOS SERVICIOS DE ACUEDUCTO Y ALCANTARILLADO DE LA URBANIZACION CERROS DEL GRANATE","2438","165","11","OR0001","711","E12458","76001000","URBANO","NINGUNA","NINGUNA","0","MEDIO-BAJO","NO",,,,,,,,"2438","EMPRESAS MUNICIPALES DE CALI   E.I.C.E  E.S.P","2021","8","VALLE DEL CAUCA","CALI","SANTIAGO DE CALI","CALI - YUMBO - PUERTO TEJADA"
"924572666827380615924572666","E15687","TRANSFORMADOR","1","2","100","AEREO","JUNTA ADMINISTRADORA DE LOS SERVICIOS DE ACUEDUCTO Y ALCANTARILLADO DE LA URBANIZACION CERROS DEL GRANATE","2438","165","11","OR0001","718","E15687","76001000","URBANO","NINGUNA","NINGUNA","0","BAJO","NO",,,,,,,,"2438","EMPRESAS MUNICIPALES DE CALI   E.I.C.E  E.S.P","2021","8","VALLE DEL CAUCA","CALI","SANTIAGO DE CALI","CALI - YUMBO - PUERTO TEJADA"
"889070514144605179889070514","E8870","TRANSFORMADOR","1","2","100","AEREO","JUNTA ADMINISTRADORA DE LOS SERVICIOS DE ACUEDUCTO Y ALCANTARILLADO DE LA URBANIZACION CERROS DEL GRANATE","2438","165","11","OR0001","1704","E8870","76001000","URBANO","NINGUNA","NINGUNA","0","BAJO","NO",,,,,,,,"2438","EMPRESAS MUNICIPALES DE CALI   E.I.C.E  E.S.P","2021","8","VALLE DEL CAUCA","CALI","SANTIAGO DE CALI","CALI - YUMBO - PUERTO TEJADA"
"858691554179086070858691554","2112876","TRANSFORMADOR","1","2","100","SUBTERRANEO","JUNTA ADMINISTRADORA DE LOS SERVICIOS DE ACUEDUCTO Y ALCANTARILLADO DE LA URBANIZACION CERROS DEL GRANATE","2438","165","11","OR0001","310","2112876","76001000","URBANO","NINGUNA","NINGUNA","0","MEDIO-BAJO","NO",,,,,,,,"2438","EMPRESAS MUNICIPALES DE CALI   E.I.C.E  E.S.P","2021","8","VALLE DEL CAUCA","CALI","SANTIAGO DE CALI","CALI - YUMBO - PUERTO TEJADA"
"170317490915848376170317490","1131150","TRANSFORMADOR","1","2","100","AEREO","JUNTA ADMINISTRADORA DE LOS SERVICIOS DE ACUEDUCTO Y ALCANTARILLADO DE LA URBANIZACION CERROS DEL GRANATE","2438","165","11","OR0001","1803","1131150","76892000","URBANO","NINGUNA","NINGUNA","0","BAJO","NO",,,,,,,,"2438","EMPRESAS MUNICIPALES DE CALI   E.I.C.E  E.S.P","2021","8","VALLE DEL CAUCA","YUMBO","YUMBO","CALI - YUMBO - PUERTO TEJADA"
"5824055443382255758240554","5067979","TRANSFORMADOR","1","2","100","AEREO","JUNTA ADMINISTRADORA DE LOS SERVICIOS DE ACUEDUCTO Y ALCANTARILLADO DE LA URBANIZACION CERROS DEL GRANATE","2438","165","11","OR0001","1006","5067979","76001000","URBANO","NINGUNA","NINGUNA","0","BAJO-BAJO","NO",,,,,,,,"2438","EMPRESAS MUNICIPALES DE CALI   E.I.C.E  E.S.P","2021","8","VALLE DEL CAUCA","CALI","SANTIAGO DE CALI","CALI - YUMBO - PUERTO TEJADA"
"341425612818501762341425612","E15823","TRANSFORMADOR","1","2","100","AEREO","JUNTA ADMINISTRADORA DE LOS SERVICIOS DE ACUEDUCTO Y ALCANTARILLADO DE LA URBANIZACION CERROS DEL GRANATE","2438","165","11","OR0001","114","E15823","76001000","URBANO","NINGUNA","NINGUNA","0","BAJO-BAJO","NO",,,,,,,,"2438","EMPRESAS MUNICIPALES DE CALI   E.I.C.E  E.S.P","2021","8","VALLE DEL CAUCA","CALI","SANTIAGO DE CALI","CALI - YUMBO - PUERTO TEJADA"
"765953820201579657765953820","E17163","TRANSFORMADOR","1","2","100","AEREO","JUNTA ADMINISTRADORA DE LOS SERVICIOS DE ACUEDUCTO Y ALCANTARILLADO DE LA URBANIZACION CERROS DEL GRANATE","2438","165","11","OR0001","114","E17163","76001000","URBANO","NINGUNA","NINGUNA","0","BAJO-BAJO","NO",,,,,,,,"2438","EMPRESAS MUNICIPALES DE CALI   E.I.C.E  E.S.P","2021","8","VALLE DEL CAUCA","CALI","SANTIAGO DE CALI","CALI - YUMBO - PUERTO TEJADA"
"310683122633133835310683122","P7475","TRANSFORMADOR","1","2","0","SUBTERRANEO","JUNTA ADMINISTRADORA DE LOS SERVICIOS DE ACUEDUCTO Y ALCANTARILLADO DE LA URBANIZACION CERROS DEL GRANATE","2438","165","11","OR0001","1603","P7475","76001000","URBANO","NINGUNA","NINGUNA","0","MEDIO-BAJO","NO",,,,,,,,"2438","EMPRESAS MUNICIPALES DE CALI   E.I.C.E  E.S.P","2021","8","VALLE DEL CAUCA","CALI","SANTIAGO DE CALI","CALI - YUMBO - PUERTO TEJADA"
"904290449122081703904290449","E11604","TRANSFORMADOR","1","2","100","AEREO","JUNTA ADMINISTRADORA DE LOS SERVICIOS DE ACUEDUCTO Y ALCANTARILLADO DE LA URBANIZACION CERROS DEL GRANATE","2438","165","11","OR0001","1013","E11604","76001000","URBANO","NINGUNA","NINGUNA","0","BAJO","NO",,,,,,,,"2438","EMPRESAS MUNICIPALES DE CALI   E.I.C.E  E.S.P","2021","8","VALLE DEL CAUCA","CALI","SANTIAGO DE CALI","CALI - YUMBO - PUERTO TEJADA"
"898742643354593800898742643","5299543","TRANSFORMADOR","1","2","100","AEREO","JUNTA ADMINISTRADORA DE LOS SERVICIOS DE ACUEDUCTO Y ALCANTARILLADO DE LA URBANIZACION CERROS DEL GRANATE","2438","165","11","OR0001","718","5299543","76001000","URBANO","NINGUNA","NINGUNA","0","BAJO-BAJO","NO",,,,,,,,"2438","EMPRESAS MUNICIPALES DE CALI   E.I.C.E  E.S.P","2021","8","VALLE DEL CAUCA","CALI","SANTIAGO DE CALI","CALI - YUMBO - PUERTO TEJADA"
"245516608404923156245516608","E7932","TRANSFORMADOR","1","2","100","AEREO","JUNTA ADMINISTRADORA DE LOS SERVICIOS DE ACUEDUCTO Y ALCANTARILLADO DE LA URBANIZACION CERROS DEL GRANATE","2438","165","11","OR0001","211","E7932","76001000","URBANO","NINGUNA","NINGUNA","0","BAJO","NO",,,,,,,,"2438","EMPRESAS MUNICIPALES DE CALI   E.I.C.E  E.S.P","2021","8","VALLE DEL CAUCA","CALI","SANTIAGO DE CALI","CALI - YUMBO - PUERTO TEJADA"
"4987057022586536349870570","E13372","TRANSFORMADOR","1","2","100","AEREO","JUNTA ADMINISTRADORA DE LOS SERVICIOS DE ACUEDUCTO Y ALCANTARILLADO DE LA URBANIZACION CERROS DEL GRANATE","2438","165","11","OR0001","705","E13372","76001000","URBANO","NINGUNA","NINGUNA","0","MEDIO-BAJO","NO",,,,,,,,"2438","EMPRESAS MUNICIPALES DE CALI   E.I.C.E  E.S.P","2021","8","VALLE DEL CAUCA","CALI","SANTIAGO DE CALI","CALI - YUMBO - PUERTO TEJADA"
"4458491425466269144584914","1073150","TRANSFORMADOR","1","2","100","AEREO","JUNTA ADMINISTRADORA DE LOS SERVICIOS DE ACUEDUCTO Y ALCANTARILLADO DE LA URBANIZACION CERROS DEL GRANATE","2438","165","11","OR0001","1701","1073150","76001000","URBANO","NINGUNA","NINGUNA","0","BAJO","NO",,,,,,,,"2438","EMPRESAS MUNICIPALES DE CALI   E.I.C.E  E.S.P","2021","8","VALLE DEL CAUCA","CALI","SANTIAGO DE CALI","CALI - YUMBO - PUERTO TEJADA"
"4876364343254840648763643","P4821","TRANSFORMADOR","1","2","0","SUBTERRANEO","JUNTA ADMINISTRADORA DE LOS SERVICIOS DE ACUEDUCTO Y ALCANTARILLADO DE LA URBANIZACION CERROS DEL GRANATE","2438","165","11","OR0001","1608","P4821","76001000","URBANO","NINGUNA","NINGUNA","0","MEDIO","NO",,,,,,,,"2438","EMPRESAS MUNICIPALES DE CALI   E.I.C.E  E.S.P","2021","8","VALLE DEL CAUCA","CALI","SANTIAGO DE CALI","CALI - YUMBO - PUERTO TEJADA"
"560317994634870823560317994","E10733","TRANSFORMADOR","1","2","100","AEREO","JUNTA ADMINISTRADORA DE LOS SERVICIOS DE ACUEDUCTO Y ALCANTARILLADO DE LA URBANIZACION CERROS DEL GRANATE","2438","165","11","OR0001","1102","E10733","76001000","URBANO","NINGUNA","NINGUNA","0","BAJO","NO",,,,,,,,"2438","EMPRESAS MUNICIPALES DE CALI   E.I.C.E  E.S.P","2021","8","VALLE DEL CAUCA","CALI","SANTIAGO DE CALI","CALI - YUMBO - PUERTO TEJADA"
"242064031842238328242064031","P2531","TRANSFORMADOR","1","2","0","SUBTERRANEO",,"2020","165","11","FRT01185","106","P2531","76001000","URBANO","NINGUNA","NINGUNA","0","MEDIO-BAJO","NO",,,,,,,,"2438","EMPRESAS MUNICIPALES DE CALI   E.I.C.E  E.S.P","2021","8","VALLE DEL CAUCA","CALI","SANTIAGO DE CALI","CALI - YUMBO - PUERTO TEJADA"
"847408435969400014847408435","P8960","TRANSFORMADOR","1","2","0","AEREO",,"2020","165","31","FRT29119","1412","P8960","76892000","URBANO","NINGUNA","NINGUNA","0","COMERCIAL","NO",,,,,,,,"2438","EMPRESAS MUNICIPALES DE CALI   E.I.C.E  E.S.P","2021","8","VALLE DEL CAUCA","YUMBO","YUMBO","CALI - YUMBO - PUERTO TEJADA"
"665686060110640072665686060","E10339","TRANSFORMADOR","1","2","100","AEREO","JUNTA ADMINISTRADORA DE LOS SERVICIOS DE ACUEDUCTO Y ALCANTARILLADO DE LA URBANIZACION CERROS DEL GRANATE","2438","165","11","OR0001","1614","E10339","76001000","URBANO","NINGUNA","NINGUNA","0","MEDIO","NO",,,,,,,,"2438","EMPRESAS MUNICIPALES DE CALI   E.I.C.E  E.S.P","2021","8","VALLE DEL CAUCA","CALI","SANTIAGO DE CALI","CALI - YUMBO - PUERTO TEJADA"
"270457970642740346270457970","P3865","TRANSFORMADOR","1","2","0","AEREO","JUNTA ADMINISTRADORA DE LOS SERVICIOS DE ACUEDUCTO Y ALCANTARILLADO DE LA URBANIZACION CERROS DEL GRANATE","2438","165","11","OR0001","510","P3865","76001000","URBANO","NINGUNA","NINGUNA","0","MEDIO-ALTO","NO",,,,,,,,"2438","EMPRESAS MUNICIPALES DE CALI   E.I.C.E  E.S.P","2021","8","VALLE DEL CAUCA","CALI","SANTIAGO DE CALI","CALI - YUMBO - PUERTO TEJADA"
"801333624138175188801333624","2110407","TRANSFORMADOR","1","2","100","SUBTERRANEO","JUNTA ADMINISTRADORA DE LOS SERVICIOS DE ACUEDUCTO Y ALCANTARILLADO DE LA URBANIZACION CERROS DEL GRANATE","2438","165","11","OR0001","203","2110407","76001000","URBANO","NINGUNA","NINGUNA","0","MEDIO","NO",,,,,,,,"2438","EMPRESAS MUNICIPALES DE CALI   E.I.C.E  E.S.P","2021","8","VALLE DEL CAUCA","CALI","SANTIAGO DE CALI","CALI - YUMBO - PUERTO TEJADA"
"322241414990094003322241414","E15926","TRANSFORMADOR","1","2","100","AEREO","JUNTA ADMINISTRADORA DE LOS SERVICIOS DE ACUEDUCTO Y ALCANTARILLADO DE LA URBANIZACION CERROS DEL GRANATE","2438","165","11","OR0001","408","E15926","76001000","URBANO","NINGUNA","NINGUNA","0","MEDIO-BAJO","NO",,,,,,,,"2438","EMPRESAS MUNICIPALES DE CALI   E.I.C.E  E.S.P","2021","8","VALLE DEL CAUCA","CALI","SANTIAGO DE CALI","CALI - YUMBO - PUERTO TEJADA"
"542264238451158623542264238","2373726","TRANSFORMADOR","1","2","0","SUBTERRANEO","JUNTA ADMINISTRADORA DE LOS SERVICIOS DE ACUEDUCTO Y ALCANTARILLADO DE LA URBANIZACION CERROS DEL GRANATE","2438","165","11","OR0001","2008","2373726","76001000","URBANO","NINGUNA","NINGUNA","0","COMERCIAL","NO",,,,,,,,"2438","EMPRESAS MUNICIPALES DE CALI   E.I.C.E  E.S.P","2021","8","VALLE DEL CAUCA","CALI","SANTIAGO DE CALI","CALI - YUMBO - PUERTO TEJADA"
"513084609332591570513084609","E7228","TRANSFORMADOR","1","2","100","AEREO","JUNTA ADMINISTRADORA DE LOS SERVICIOS DE ACUEDUCTO Y ALCANTARILLADO DE LA URBANIZACION CERROS DEL GRANATE","2438","165","11","OR0001","114","E7228","76001000","URBANO","NINGUNA","NINGUNA","0","BAJO","NO",,,,,,,,"2438","EMPRESAS MUNICIPALES DE CALI   E.I.C.E  E.S.P","2021","8","VALLE DEL CAUCA","CALI","SANTIAGO DE CALI","CALI - YUMBO - PUERTO TEJADA"
"877150389376115888877150389","E8227","TRANSFORMADOR","1","2","100","AEREO","JUNTA ADMINISTRADORA DE LOS SERVICIOS DE ACUEDUCTO Y ALCANTARILLADO DE LA URBANIZACION CERROS DEL GRANATE","2438","165","11","OR0001","212","E8227","76001000","URBANO","NINGUNA","NINGUNA","0","MEDIO","NO",,,,,,,,"2438","EMPRESAS MUNICIPALES DE CALI   E.I.C.E  E.S.P","2021","8","VALLE DEL CAUCA","CALI","SANTIAGO DE CALI","CALI - YUMBO - PUERTO TEJADA"
"180382548629207192180382548","2317681","TRANSFORMADOR","1","2","100","AEREO","JUNTA ADMINISTRADORA DE LOS SERVICIOS DE ACUEDUCTO Y ALCANTARILLADO DE LA URBANIZACION CERROS DEL GRANATE","2438","165","31","OR0001","2501","2317681","19573000","CENTRO POBLADO","NINGUNA","NINGUNA","0","BAJO-BAJO","NO",,,,,,,,"2438","EMPRESAS MUNICIPALES DE CALI   E.I.C.E  E.S.P","2021","8","CAUCA","PUERTO TEJADA","PUERTO TEJADA","CALI - YUMBO - PUERTO TEJADA"
"646501288740361168646501288","E8826","TRANSFORMADOR","1","2","100","AEREO","JUNTA ADMINISTRADORA DE LOS SERVICIOS DE ACUEDUCTO Y ALCANTARILLADO DE LA URBANIZACION CERROS DEL GRANATE","2438","165","11","OR0001","408","E8826","76001000","URBANO","NINGUNA","NINGUNA","0","COMERCIAL","NO",,,,,,,,"2438","EMPRESAS MUNICIPALES DE CALI   E.I.C.E  E.S.P","2021","8","VALLE DEL CAUCA","CALI","SANTIAGO DE CALI","CALI - YUMBO - PUERTO TEJADA"
"989764498760359100989764498","E18474","TRANSFORMADOR","1","2","100","AEREO","JUNTA ADMINISTRADORA DE LOS SERVICIOS DE ACUEDUCTO Y ALCANTARILLADO DE LA URBANIZACION CERROS DEL GRANATE","2438","165","11","OR0001","1017","E18474","76001000","URBANO","NINGUNA","NINGUNA","0","BAJO-BAJO","NO",,,,,,,,"2438","EMPRESAS MUNICIPALES DE CALI   E.I.C.E  E.S.P","2021","8","VALLE DEL CAUCA","CALI","SANTIAGO DE CALI","CALI - YUMBO - PUERTO TEJADA"
"729691002400833339729691002","E16192","TRANSFORMADOR","1","2","100","AEREO","JUNTA ADMINISTRADORA DE LOS SERVICIOS DE ACUEDUCTO Y ALCANTARILLADO DE LA URBANIZACION CERROS DEL GRANATE","2438","165","11","OR0001","707","E16192","76001000","URBANO","NINGUNA","NINGUNA","0","MEDIO-BAJO","NO",,,,,,,,"2438","EMPRESAS MUNICIPALES DE CALI   E.I.C.E  E.S.P","2021","8","VALLE DEL CAUCA","CALI","SANTIAGO DE CALI","CALI - YUMBO - PUERTO TEJADA"
"417200544596108292417200544","E3718","TRANSFORMADOR","1","2","100","AEREO","JUNTA ADMINISTRADORA DE LOS SERVICIOS DE ACUEDUCTO Y ALCANTARILLADO DE LA URBANIZACION CERROS DEL GRANATE","2438","165","11","OR0001","1710","E3718","76001000","URBANO","NINGUNA","NINGUNA","0","MEDIO-BAJO","NO",,,,,,,,"2438","EMPRESAS MUNICIPALES DE CALI   E.I.C.E  E.S.P","2021","8","VALLE DEL CAUCA","CALI","SANTIAGO DE CALI","CALI - YUMBO - PUERTO TEJADA"
"448054071705549551448054071","P5317","TRANSFORMADOR","1","2","0","SUBTERRANEO","JUNTA ADMINISTRADORA DE LOS SERVICIOS DE ACUEDUCTO Y ALCANTARILLADO DE LA URBANIZACION CERROS DEL GRANATE","2438","165","11","OR0001","1617","P5317","76001000","URBANO","NINGUNA","NINGUNA","0","MEDIO-ALTO","NO",,,,,,,,"2438","EMPRESAS MUNICIPALES DE CALI   E.I.C.E  E.S.P","2021","8","VALLE DEL CAUCA","CALI","SANTIAGO DE CALI","CALI - YUMBO - PUERTO TEJADA"
"968484881837172612968484881","E6608","TRANSFORMADOR","1","2","100","AEREO","JUNTA ADMINISTRADORA DE LOS SERVICIOS DE ACUEDUCTO Y ALCANTARILLADO DE LA URBANIZACION CERROS DEL GRANATE","2438","165","11","OR0001","1019","E6608","76001000","URBANO","NINGUNA","ZONAS DIFICIL GESTION","5006","BAJO-BAJO","NO",,,,,,,,"2438","EMPRESAS MUNICIPALES DE CALI   E.I.C.E  E.S.P","2021","8","VALLE DEL CAUCA","CALI","SANTIAGO DE CALI","CALI - YUMBO - PUERTO TEJADA"
"601823517965528156601823517","1105485","TRANSFORMADOR","1","2","100","AEREO","JUNTA ADMINISTRADORA DE LOS SERVICIOS DE ACUEDUCTO Y ALCANTARILLADO DE LA URBANIZACION CERROS DEL GRANATE","2438","165","11","OR0001","2004","1105485","76001000","URBANO","NINGUNA","NINGUNA","0","MEDIO-BAJO","NO",,,,,,,,"2438","EMPRESAS MUNICIPALES DE CALI   E.I.C.E  E.S.P","2021","8","VALLE DEL CAUCA","CALI","SANTIAGO DE CALI","CALI - YUMBO - PUERTO TEJADA"
"984945387585264010984945387","E14210","TRANSFORMADOR","1","2","100","AEREO","JUNTA ADMINISTRADORA DE LOS SERVICIOS DE ACUEDUCTO Y ALCANTARILLADO DE LA URBANIZACION CERROS DEL GRANATE","2438","165","11","OR0001","1005","E14210","76001000","URBANO","NINGUNA","NINGUNA","0","BAJO-BAJO","NO",,,,,,,,"2438","EMPRESAS MUNICIPALES DE CALI   E.I.C.E  E.S.P","2021","8","VALLE DEL CAUCA","CALI","SANTIAGO DE CALI","CALI - YUMBO - PUERTO TEJADA"
"494781553878953328494781553","E8881","TRANSFORMADOR","1","2","100","AEREO","JUNTA ADMINISTRADORA DE LOS SERVICIOS DE ACUEDUCTO Y ALCANTARILLADO DE LA URBANIZACION CERROS DEL GRANATE","2438","165","11","OR0001","407","E8881","76001000","URBANO","NINGUNA","NINGUNA","0","MEDIO-BAJO","NO",,,,,,,,"2438","EMPRESAS MUNICIPALES DE CALI   E.I.C.E  E.S.P","2021","8","VALLE DEL CAUCA","CALI","SANTIAGO DE CALI","CALI - YUMBO - PUERTO TEJADA"
"645973783196241239645973783","2115441","TRANSFORMADOR","1","2","100","SUBTERRANEO","JUNTA ADMINISTRADORA DE LOS SERVICIOS DE ACUEDUCTO Y ALCANTARILLADO DE LA URBANIZACION CERROS DEL GRANATE","2438","165","11","OR0001","1617","2115441","76001000","URBANO","NINGUNA","NINGUNA","0","MEDIO-ALTO","NO",,,,,,,,"2438","EMPRESAS MUNICIPALES DE CALI   E.I.C.E  E.S.P","2021","8","VALLE DEL CAUCA","CALI","SANTIAGO DE CALI","CALI - YUMBO - PUERTO TEJADA"
"150341772699119943150341772","2362708","TRANSFORMADOR","1","2","100","AEREO","JUNTA ADMINISTRADORA DE LOS SERVICIOS DE ACUEDUCTO Y ALCANTARILLADO DE LA URBANIZACION CERROS DEL GRANATE","2438","165","11","OR0001","1701","2362708","76001000","URBANO","NINGUNA","NINGUNA","0","BAJO","NO",,,,,,,,"2438","EMPRESAS MUNICIPALES DE CALI   E.I.C.E  E.S.P","2021","8","VALLE DEL CAUCA","CALI","SANTIAGO DE CALI","CALI - YUMBO - PUERTO TEJADA"
"777962696809860591777962696","1015877","TRANSFORMADOR","1","2","100","AEREO","JUNTA ADMINISTRADORA DE LOS SERVICIOS DE ACUEDUCTO Y ALCANTARILLADO DE LA URBANIZACION CERROS DEL GRANATE","2438","165","11","OR0001","407","1015877","76001000","URBANO","NINGUNA","NINGUNA","0","MEDIO-BAJO","NO",,,,,,,,"2438","EMPRESAS MUNICIPALES DE CALI   E.I.C.E  E.S.P","2021","8","VALLE DEL CAUCA","CALI","SANTIAGO DE CALI","CALI - YUMBO - PUERTO TEJADA"
"97088069924761425970880699","E8865","TRANSFORMADOR","1","2","100","AEREO","JUNTA ADMINISTRADORA DE LOS SERVICIOS DE ACUEDUCTO Y ALCANTARILLADO DE LA URBANIZACION CERROS DEL GRANATE","2438","165","11","OR0001","1709","E8865","76001000","URBANO","NINGUNA","NINGUNA","0","MEDIO-BAJO","NO",,,,,,,,"2438","EMPRESAS MUNICIPALES DE CALI   E.I.C.E  E.S.P","2021","8","VALLE DEL CAUCA","CALI","SANTIAGO DE CALI","CALI - YUMBO - PUERTO TEJADA"
"283983590830202772283983590","5124841","TRANSFORMADOR","1","2","100","AEREO","JUNTA ADMINISTRADORA DE LOS SERVICIOS DE ACUEDUCTO Y ALCANTARILLADO DE LA URBANIZACION CERROS DEL GRANATE","2438","165","11","OR0001","1719","5124841","76001000","URBANO","NINGUNA","NINGUNA","0","MEDIO-BAJO","NO",,,,,,,,"2438","EMPRESAS MUNICIPALES DE CALI   E.I.C.E  E.S.P","2021","8","VALLE DEL CAUCA","CALI","SANTIAGO DE CALI","CALI - YUMBO - PUERTO TEJADA"
"726185325339410020726185325","E5628","TRANSFORMADOR","1","2","100","AEREO","JUNTA ADMINISTRADORA DE LOS SERVICIOS DE ACUEDUCTO Y ALCANTARILLADO DE LA URBANIZACION CERROS DEL GRANATE","2438","165","11","OR0001","517","E5628","76001000","URBANO","NINGUNA","NINGUNA","0","COMERCIAL","NO",,,,,,,,"2438","EMPRESAS MUNICIPALES DE CALI   E.I.C.E  E.S.P","2021","8","VALLE DEL CAUCA","CALI","SANTIAGO DE CALI","CALI - YUMBO - PUERTO TEJADA"
"98001222953978796980012229","E7357","TRANSFORMADOR","1","2","100","AEREO","JUNTA ADMINISTRADORA DE LOS SERVICIOS DE ACUEDUCTO Y ALCANTARILLADO DE LA URBANIZACION CERROS DEL GRANATE","2438","165","11","OR0001","504","E7357","76001000","URBANO","NINGUNA","NINGUNA","0","MEDIO-BAJO","NO",,,,,,,,"2438","EMPRESAS MUNICIPALES DE CALI   E.I.C.E  E.S.P","2021","8","VALLE DEL CAUCA","CALI","SANTIAGO DE CALI","CALI - YUMBO - PUERTO TEJADA"
"475832470936996210475832470","1081608","TRANSFORMADOR","1","2","100","AEREO","JUNTA ADMINISTRADORA DE LOS SERVICIOS DE ACUEDUCTO Y ALCANTARILLADO DE LA URBANIZACION CERROS DEL GRANATE","2438","165","11","OR0001","407","1081608","76001000","URBANO","NINGUNA","NINGUNA","0","MEDIO-BAJO","NO",,,,,,,,"2438","EMPRESAS MUNICIPALES DE CALI   E.I.C.E  E.S.P","2021","8","VALLE DEL CAUCA","CALI","SANTIAGO DE CALI","CALI - YUMBO - PUERTO TEJADA"
"979728766102764552979728766","E8488","TRANSFORMADOR","1","2","100","AEREO","JUNTA ADMINISTRADORA DE LOS SERVICIOS DE ACUEDUCTO Y ALCANTARILLADO DE LA URBANIZACION CERROS DEL GRANATE","2438","165","11","OR0001","514","E8488","76001000","URBANO","NINGUNA","NINGUNA","0","MEDIO-BAJO","NO",,,,,,,,"2438","EMPRESAS MUNICIPALES DE CALI   E.I.C.E  E.S.P","2021","8","VALLE DEL CAUCA","CALI","SANTIAGO DE CALI","CALI - YUMBO - PUERTO TEJADA"
"167743138192317463167743138","P7300","TRANSFORMADOR","1","2","0","SUBTERRANEO","JUNTA ADMINISTRADORA DE LOS SERVICIOS DE ACUEDUCTO Y ALCANTARILLADO DE LA URBANIZACION CERROS DEL GRANATE","2438","165","11","OR0001","512","P7300","76001000","URBANO","NINGUNA","NINGUNA","0","MEDIO","NO",,,,,,,,"2438","EMPRESAS MUNICIPALES DE CALI   E.I.C.E  E.S.P","2021","8","VALLE DEL CAUCA","CALI","SANTIAGO DE CALI","CALI - YUMBO - PUERTO TEJADA"
"993190879690024328993190879","E17045","TRANSFORMADOR","1","2","100","AEREO","JUNTA ADMINISTRADORA DE LOS SERVICIOS DE ACUEDUCTO Y ALCANTARILLADO DE LA URBANIZACION CERROS DEL GRANATE","2438","165","11","OR0001","718","E17045","76001000","URBANO","NINGUNA","NINGUNA","0","BAJO","NO",,,,,,,,"2438","EMPRESAS MUNICIPALES DE CALI   E.I.C.E  E.S.P","2021","8","VALLE DEL CAUCA","CALI","SANTIAGO DE CALI","CALI - YUMBO - PUERTO TEJADA"
"679864372689373668679864372","E10473","TRANSFORMADOR","1","2","100","AEREO","JUNTA ADMINISTRADORA DE LOS SERVICIOS DE ACUEDUCTO Y ALCANTARILLADO DE LA URBANIZACION CERROS DEL GRANATE","2438","165","11","OR0001","1704","E10473","76001000","URBANO","NINGUNA","NINGUNA","0","MEDIO-BAJO","NO",,,,,,,,"2438","EMPRESAS MUNICIPALES DE CALI   E.I.C.E  E.S.P","2021","8","VALLE DEL CAUCA","CALI","SANTIAGO DE CALI","CALI - YUMBO - PUERTO TEJADA"
"122646071196147554122646071","5053196","TRANSFORMADOR","1","2","100","AEREO","JUNTA ADMINISTRADORA DE LOS SERVICIOS DE ACUEDUCTO Y ALCANTARILLADO DE LA URBANIZACION CERROS DEL GRANATE","2438","165","11","OR0001","109","5053196","76001000","URBANO","NINGUNA","NINGUNA","0","INDUSTRIAL","NO",,,,,,,,"2438","EMPRESAS MUNICIPALES DE CALI   E.I.C.E  E.S.P","2021","8","VALLE DEL CAUCA","CALI","SANTIAGO DE CALI","CALI - YUMBO - PUERTO TEJADA"
"410790995439081609410790995","E11872","TRANSFORMADOR","1","2","100","AEREO","JUNTA ADMINISTRADORA DE LOS SERVICIOS DE ACUEDUCTO Y ALCANTARILLADO DE LA URBANIZACION CERROS DEL GRANATE","2438","165","11","OR0001","1002","E11872","76001000","URBANO","NINGUNA","NINGUNA","0","COMERCIAL","NO",,,,,,,,"2438","EMPRESAS MUNICIPALES DE CALI   E.I.C.E  E.S.P","2021","8","VALLE DEL CAUCA","CALI","SANTIAGO DE CALI","CALI - YUMBO - PUERTO TEJADA"
"220024437106022357220024437","E9287","TRANSFORMADOR","1","2","100","AEREO","JUNTA ADMINISTRADORA DE LOS SERVICIOS DE ACUEDUCTO Y ALCANTARILLADO DE LA URBANIZACION CERROS DEL GRANATE","2438","165","11","OR0001","1801","E9287","76892000","URBANO","NINGUNA","NINGUNA","0","BAJO-BAJO","NO",,,,,,,,"2438","EMPRESAS MUNICIPALES DE CALI   E.I.C.E  E.S.P","2021","8","VALLE DEL CAUCA","YUMBO","YUMBO","CALI - YUMBO - PUERTO TEJADA"
"89297500045187300892975000","P7421","TRANSFORMADOR","1","2","0","SUBTERRANEO","JUNTA ADMINISTRADORA DE LOS SERVICIOS DE ACUEDUCTO Y ALCANTARILLADO DE LA URBANIZACION CERROS DEL GRANATE","2438","165","11","OR0001","1614","P7421","76001000","URBANO","NINGUNA","NINGUNA","0","COMERCIAL","NO",,,,,,,,"2438","EMPRESAS MUNICIPALES DE CALI   E.I.C.E  E.S.P","2021","8","VALLE DEL CAUCA","CALI","SANTIAGO DE CALI","CALI - YUMBO - PUERTO TEJADA"
"167284887267924296167284887","E16893","TRANSFORMADOR","1","2","100","AEREO","JUNTA ADMINISTRADORA DE LOS SERVICIOS DE ACUEDUCTO Y ALCANTARILLADO DE LA URBANIZACION CERROS DEL GRANATE","2438","165","11","OR0001","1005","E16893","76001000","URBANO","NINGUNA","NINGUNA","0","BAJO-BAJO","NO",,,,,,,,"2438","EMPRESAS MUNICIPALES DE CALI   E.I.C.E  E.S.P","2021","8","VALLE DEL CAUCA","CALI","SANTIAGO DE CALI","CALI - YUMBO - PUERTO TEJADA"
"292576931154950429292576931","P7602","TRANSFORMADOR","1","2","0","SUBTERRANEO","JUNTA ADMINISTRADORA DE LOS SERVICIOS DE ACUEDUCTO Y ALCANTARILLADO DE LA URBANIZACION CERROS DEL GRANATE","2438","165","11","OR0001","1606","P7602","76001000","URBANO","NINGUNA","NINGUNA","0","MEDIO","NO",,,,,,,,"2438","EMPRESAS MUNICIPALES DE CALI   E.I.C.E  E.S.P","2021","8","VALLE DEL CAUCA","CALI","SANTIAGO DE CALI","CALI - YUMBO - PUERTO TEJADA"
"52509278197716980525092781","1082019","TRANSFORMADOR","1","2","100","AEREO","JUNTA ADMINISTRADORA DE LOS SERVICIOS DE ACUEDUCTO Y ALCANTARILLADO DE LA URBANIZACION CERROS DEL GRANATE","2438","165","11","OR0001","705","1082019","76001000","URBANO","NINGUNA","NINGUNA","0","MEDIO-BAJO","NO",,,,,,,,"2438","EMPRESAS MUNICIPALES DE CALI   E.I.C.E  E.S.P","2021","8","VALLE DEL CAUCA","CALI","SANTIAGO DE CALI","CALI - YUMBO - PUERTO TEJADA"
"282789319510354646282789319","E6898","TRANSFORMADOR","1","2","100","AEREO","JUNTA ADMINISTRADORA DE LOS SERVICIOS DE ACUEDUCTO Y ALCANTARILLADO DE LA URBANIZACION CERROS DEL GRANATE","2438","165","11","OR0001","1604","E6898","76001000","URBANO","NINGUNA","NINGUNA","0","MEDIO-BAJO","NO",,,,,,,,"2438","EMPRESAS MUNICIPALES DE CALI   E.I.C.E  E.S.P","2021","8","VALLE DEL CAUCA","CALI","SANTIAGO DE CALI","CALI - YUMBO - PUERTO TEJADA"
"714956970508403174714956970","P7530","TRANSFORMADOR","1","2","0","AEREO","JUNTA ADMINISTRADORA DE LOS SERVICIOS DE ACUEDUCTO Y ALCANTARILLADO DE LA URBANIZACION CERROS DEL GRANATE","2438","165","11","OR0001","1704","P7530","76001000","URBANO","NINGUNA","NINGUNA","0","MEDIO-BAJO","NO",,,,,,,,"2438","EMPRESAS MUNICIPALES DE CALI   E.I.C.E  E.S.P","2021","8","VALLE DEL CAUCA","CALI","SANTIAGO DE CALI","CALI - YUMBO - PUERTO TEJADA"
"111056208389189856111056208","E14035","TRANSFORMADOR","1","2","100","AEREO","JUNTA ADMINISTRADORA DE LOS SERVICIOS DE ACUEDUCTO Y ALCANTARILLADO DE LA URBANIZACION CERROS DEL GRANATE","2438","165","11","OR0001","707","E14035","76001000","URBANO","NINGUNA","NINGUNA","0","MEDIO-BAJO","NO",,,,,,,,"2438","EMPRESAS MUNICIPALES DE CALI   E.I.C.E  E.S.P","2021","8","VALLE DEL CAUCA","CALI","SANTIAGO DE CALI","CALI - YUMBO - PUERTO TEJADA"
"636755281425563208636755281","E10357","TRANSFORMADOR","1","2","100","AEREO","JUNTA ADMINISTRADORA DE LOS SERVICIOS DE ACUEDUCTO Y ALCANTARILLADO DE LA URBANIZACION CERROS DEL GRANATE","2438","165","11","OR0001","1018","E10357","76001000","URBANO","NINGUNA","NINGUNA","0","BAJO-BAJO","NO",,,,,,,,"2438","EMPRESAS MUNICIPALES DE CALI   E.I.C.E  E.S.P","2021","8","VALLE DEL CAUCA","CALI","SANTIAGO DE CALI","CALI - YUMBO - PUERTO TEJADA"
"850343396405698290850343396","2355990","TRANSFORMADOR","1","2","100","SUBTERRANEO","JUNTA ADMINISTRADORA DE LOS SERVICIOS DE ACUEDUCTO Y ALCANTARILLADO DE LA URBANIZACION CERROS DEL GRANATE","2438","165","31","OR0001","2007","2355990","76001013","URBANO","NINGUNA","NINGUNA","0","ALTO","NO",,,,,,,,"2438","EMPRESAS MUNICIPALES DE CALI   E.I.C.E  E.S.P","2021","8","VALLE DEL CAUCA","CALI","PANCE","CALI - YUMBO - PUERTO TEJADA"
"720235829158428398720235829","E12970","TRANSFORMADOR","1","2","100","AEREO","JUNTA ADMINISTRADORA DE LOS SERVICIOS DE ACUEDUCTO Y ALCANTARILLADO DE LA URBANIZACION CERROS DEL GRANATE","2438","165","11","OR0001","409","E12970","76001000","URBANO","NINGUNA","NINGUNA","0","BAJO","NO",,,,,,,,"2438","EMPRESAS MUNICIPALES DE CALI   E.I.C.E  E.S.P","2021","8","VALLE DEL CAUCA","CALI","SANTIAGO DE CALI","CALI - YUMBO - PUERTO TEJADA"
"54824819874188329548248198","E8748","TRANSFORMADOR","1","2","100","AEREO","JUNTA ADMINISTRADORA DE LOS SERVICIOS DE ACUEDUCTO Y ALCANTARILLADO DE LA URBANIZACION CERROS DEL GRANATE","2438","165","11","OR0001","513","E8748","76001000","URBANO","NINGUNA","NINGUNA","0","COMERCIAL","NO",,,,,,,,"2438","EMPRESAS MUNICIPALES DE CALI   E.I.C.E  E.S.P","2021","8","VALLE DEL CAUCA","CALI","SANTIAGO DE CALI","CALI - YUMBO - PUERTO TEJADA"
"940763969502509316940763969","E18223","TRANSFORMADOR","1","2","100","SUBTERRANEO","JUNTA ADMINISTRADORA DE LOS SERVICIOS DE ACUEDUCTO Y ALCANTARILLADO DE LA URBANIZACION CERROS DEL GRANATE","2438","165","11","OR0001","1615","E18223","76001000","URBANO","NINGUNA","NINGUNA","0","MEDIO-ALTO","NO",,,,,,,,"2438","EMPRESAS MUNICIPALES DE CALI   E.I.C.E  E.S.P","2021","8","VALLE DEL CAUCA","CALI","SANTIAGO DE CALI","CALI - YUMBO - PUERTO TEJADA"
"106701688277175521106701688","5261899","TRANSFORMADOR","1","2","100","AEREO","JUNTA ADMINISTRADORA DE LOS SERVICIOS DE ACUEDUCTO Y ALCANTARILLADO DE LA URBANIZACION CERROS DEL GRANATE","2438","165","11","OR0001","1019","5261899","76001000","URBANO","NINGUNA","ZONAS DIFICIL GESTION","5006","BAJO-BAJO","NO",,,,,,,,"2438","EMPRESAS MUNICIPALES DE CALI   E.I.C.E  E.S.P","2021","8","VALLE DEL CAUCA","CALI","SANTIAGO DE CALI","CALI - YUMBO - PUERTO TEJADA"
"7132228596408415071322285","E7572","TRANSFORMADOR","1","2","100","AEREO","JUNTA ADMINISTRADORA DE LOS SERVICIOS DE ACUEDUCTO Y ALCANTARILLADO DE LA URBANIZACION CERROS DEL GRANATE","2438","165","11","OR0001","1018","E7572","76001000","URBANO","NINGUNA","NINGUNA","0","BAJO","NO",,,,,,,,"2438","EMPRESAS MUNICIPALES DE CALI   E.I.C.E  E.S.P","2021","8","VALLE DEL CAUCA","CALI","SANTIAGO DE CALI","CALI - YUMBO - PUERTO TEJADA"
"5582185872377337255821858","5067979","TRANSFORMADOR","1","2","100","AEREO","JUNTA ADMINISTRADORA DE LOS SERVICIOS DE ACUEDUCTO Y ALCANTARILLADO DE LA URBANIZACION CERROS DEL GRANATE","2438","165","11","OR0001","1006","5067979","76001000","URBANO","NINGUNA","NINGUNA","0","COMERCIAL","NO",,,,,,,,"2438","EMPRESAS MUNICIPALES DE CALI   E.I.C.E  E.S.P","2021","8","VALLE DEL CAUCA","CALI","SANTIAGO DE CALI","CALI - YUMBO - PUERTO TEJADA"
"462589822911992316462589822","E17590","TRANSFORMADOR","1","2","100","AEREO","JUNTA ADMINISTRADORA DE LOS SERVICIOS DE ACUEDUCTO Y ALCANTARILLADO DE LA URBANIZACION CERROS DEL GRANATE","2438","165","11","OR0001","513","E17590","76001000","URBANO","NINGUNA","NINGUNA","0","MEDIO-BAJO","NO",,,,,,,,"2438","EMPRESAS MUNICIPALES DE CALI   E.I.C.E  E.S.P","2021","8","VALLE DEL CAUCA","CALI","SANTIAGO DE CALI","CALI - YUMBO - PUERTO TEJADA"
"434432187527021443443218","E9902","TRANSFORMADOR","1","2","100","AEREO","JUNTA ADMINISTRADORA DE LOS SERVICIOS DE ACUEDUCTO Y ALCANTARILLADO DE LA URBANIZACION CERROS DEL GRANATE","2438","165","11","OR0001","104","E9902","76001000","URBANO","NINGUNA","NINGUNA","0","MEDIO-ALTO","NO",,,,,,,,"2438","EMPRESAS MUNICIPALES DE CALI   E.I.C.E  E.S.P","2021","8","VALLE DEL CAUCA","CALI","SANTIAGO DE CALI","CALI - YUMBO - PUERTO TEJADA"
"319234227564995053319234227","1065840","TRANSFORMADOR","1","2","0","AEREO","JUNTA ADMINISTRADORA DE LOS SERVICIOS DE ACUEDUCTO Y ALCANTARILLADO DE LA URBANIZACION CERROS DEL GRANATE","2438","165","11","OR0001","707","1065840","76001000","URBANO","NINGUNA","NINGUNA","0","BAJO","NO",,,,,,,,"2438","EMPRESAS MUNICIPALES DE CALI   E.I.C.E  E.S.P","2021","8","VALLE DEL CAUCA","CALI","SANTIAGO DE CALI","CALI - YUMBO - PUERTO TEJADA"
"49820006123554820498200061","2427672","TRANSFORMADOR","1","2","100","SUBTERRANEO","JUNTA ADMINISTRADORA DE LOS SERVICIOS DE ACUEDUCTO Y ALCANTARILLADO DE LA URBANIZACION CERROS DEL GRANATE","2438","165","11","OR0001","1607","2427672","76001000","URBANO","NINGUNA","NINGUNA","0","MEDIO","NO",,,,,,,,"2438","EMPRESAS MUNICIPALES DE CALI   E.I.C.E  E.S.P","2021","8","VALLE DEL CAUCA","CALI","SANTIAGO DE CALI","CALI - YUMBO - PUERTO TEJADA"
"245204610282486754245204610","E11400","TRANSFORMADOR","1","2","100","AEREO","JUNTA ADMINISTRADORA DE LOS SERVICIOS DE ACUEDUCTO Y ALCANTARILLADO DE LA URBANIZACION CERROS DEL GRANATE","2438","165","11","OR0001","1016","E11400","76001000","URBANO","NINGUNA","NINGUNA","0","BAJO","NO",,,,,,,,"2438","EMPRESAS MUNICIPALES DE CALI   E.I.C.E  E.S.P","2021","8","VALLE DEL CAUCA","CALI","SANTIAGO DE CALI","CALI - YUMBO - PUERTO TEJADA"
"319998158789331637319998158","E13434","TRANSFORMADOR","1","2","100","AEREO","JUNTA ADMINISTRADORA DE LOS SERVICIOS DE ACUEDUCTO Y ALCANTARILLADO DE LA URBANIZACION CERROS DEL GRANATE","2438","165","11","OR0001","1002","E13434","76001000","URBANO","NINGUNA","NINGUNA","0","BAJO-BAJO","NO",,,,,,,,"2438","EMPRESAS MUNICIPALES DE CALI   E.I.C.E  E.S.P","2021","8","VALLE DEL CAUCA","CALI","SANTIAGO DE CALI","CALI - YUMBO - PUERTO TEJADA"
"604240969362920145604240969","P2275","TRANSFORMADOR","1","2","0","AEREO","JUNTA ADMINISTRADORA DE LOS SERVICIOS DE ACUEDUCTO Y ALCANTARILLADO DE LA URBANIZACION CERROS DEL GRANATE","2438","165","11","OR0001","1603","P2275","76001000","URBANO","NINGUNA","NINGUNA","0","MEDIO-ALTO","NO",,,,,,,,"2438","EMPRESAS MUNICIPALES DE CALI   E.I.C.E  E.S.P","2021","8","VALLE DEL CAUCA","CALI","SANTIAGO DE CALI","CALI - YUMBO - PUERTO TEJADA"
"13162640278110788131626402","E3615","TRANSFORMADOR","1","2","100","AEREO","JUNTA ADMINISTRADORA DE LOS SERVICIOS DE ACUEDUCTO Y ALCANTARILLADO DE LA URBANIZACION CERROS DEL GRANATE","2438","165","11","OR0001","515","E3615","76001000","URBANO","NINGUNA","NINGUNA","0","MEDIO-ALTO","NO",,,,,,,,"2438","EMPRESAS MUNICIPALES DE CALI   E.I.C.E  E.S.P","2021","8","VALLE DEL CAUCA","CALI","SANTIAGO DE CALI","CALI - YUMBO - PUERTO TEJADA"
"159924855813661572159924855","P4857","TRANSFORMADOR","1","2","0","SUBTERRANEO","JUNTA ADMINISTRADORA DE LOS SERVICIOS DE ACUEDUCTO Y ALCANTARILLADO DE LA URBANIZACION CERROS DEL GRANATE","2438","165","11","OR0001","1608","P4857","76001000","URBANO","NINGUNA","NINGUNA","0","MEDIO","NO",,,,,,,,"2438","EMPRESAS MUNICIPALES DE CALI   E.I.C.E  E.S.P","2021","8","VALLE DEL CAUCA","CALI","SANTIAGO DE CALI","CALI - YUMBO - PUERTO TEJADA"
"9637635781583318396376357","P10153","TRANSFORMADOR","1","2","0","SUBTERRANEO","JUNTA ADMINISTRADORA DE LOS SERVICIOS DE ACUEDUCTO Y ALCANTARILLADO DE LA URBANIZACION CERROS DEL GRANATE","2438","165","11","OR0001","1617","P10153","76001000","URBANO","NINGUNA","NINGUNA","0","MEDIO-ALTO","NO",,,,,,,,"2438","EMPRESAS MUNICIPALES DE CALI   E.I.C.E  E.S.P","2021","8","VALLE DEL CAUCA","CALI","SANTIAGO DE CALI","CALI - YUMBO - PUERTO TEJADA"
"832115652794619386832115652","2115671","TRANSFORMADOR","1","2","100","AEREO","JUNTA ADMINISTRADORA DE LOS SERVICIOS DE ACUEDUCTO Y ALCANTARILLADO DE LA URBANIZACION CERROS DEL GRANATE","2438","165","31","OR0001","1803","2115671","76892000","URBANO","NINGUNA","NINGUNA","0","BAJO-BAJO","NO",,,,,,,,"2438","EMPRESAS MUNICIPALES DE CALI   E.I.C.E  E.S.P","2021","8","VALLE DEL CAUCA","YUMBO","YUMBO","CALI - YUMBO - PUERTO TEJADA"
"378072822522901654378072822","P7967","TRANSFORMADOR","1","2","0","SUBTERRANEO",,"2020","165","11","FRT10195","2005","P7967","76001000","URBANO","NINGUNA","NINGUNA","0","MEDIO-BAJO","NO",,,,,,,,"2438","EMPRESAS MUNICIPALES DE CALI   E.I.C.E  E.S.P","2021","8","VALLE DEL CAUCA","CALI","SANTIAGO DE CALI","CALI - YUMBO - PUERTO TEJADA"
"192879604464911990192879604","1130749","TRANSFORMADOR","1","2","100","AEREO","JUNTA ADMINISTRADORA DE LOS SERVICIOS DE ACUEDUCTO Y ALCANTARILLADO DE LA URBANIZACION CERROS DEL GRANATE","2438","165","11","OR0001","1803","1130749","76892000","URBANO","NINGUNA","NINGUNA","0","BAJO-BAJO","NO",,,,,,,,"2438","EMPRESAS MUNICIPALES DE CALI   E.I.C.E  E.S.P","2021","8","VALLE DEL CAUCA","YUMBO","YUMBO","CALI - YUMBO - PUERTO TEJADA"
"943409593541322474943409593","E1820","TRANSFORMADOR","1","2","100","AEREO","JUNTA ADMINISTRADORA DE LOS SERVICIOS DE ACUEDUCTO Y ALCANTARILLADO DE LA URBANIZACION CERROS DEL GRANATE","2438","165","11","OR0001","504","E1820","76001000","URBANO","NINGUNA","NINGUNA","0","MEDIO-BAJO","NO",,,,,,,,"2438","EMPRESAS MUNICIPALES DE CALI   E.I.C.E  E.S.P","2021","8","VALLE DEL CAUCA","CALI","SANTIAGO DE CALI","CALI - YUMBO - PUERTO TEJADA"
"950809738645838983950809738","P7485","TRANSFORMADOR","1","2","0","SUBTERRANEO","JUNTA ADMINISTRADORA DE LOS SERVICIOS DE ACUEDUCTO Y ALCANTARILLADO DE LA URBANIZACION CERROS DEL GRANATE","2438","165","11","OR0001","1611","P7485","76001000","URBANO","NINGUNA","NINGUNA","0","MEDIO-BAJO","NO",,,,,,,,"2438","EMPRESAS MUNICIPALES DE CALI   E.I.C.E  E.S.P","2021","8","VALLE DEL CAUCA","CALI","SANTIAGO DE CALI","CALI - YUMBO - PUERTO TEJADA"
"448763672269998904448763672","2524902","TRANSFORMADOR","1","2","0","SUBTERRANEO","JUNTA ADMINISTRADORA DE LOS SERVICIOS DE ACUEDUCTO Y ALCANTARILLADO DE LA URBANIZACION CERROS DEL GRANATE","2438","165","11","OR0001","1615","2524902","76001000","URBANO","NINGUNA","NINGUNA","0","MEDIO","NO",,,,,,,,"2438","EMPRESAS MUNICIPALES DE CALI   E.I.C.E  E.S.P","2021","8","VALLE DEL CAUCA","CALI","SANTIAGO DE CALI","CALI - YUMBO - PUERTO TEJADA"
"755909753956078301755909753","E12178","TRANSFORMADOR","1","2","100","AEREO","JUNTA ADMINISTRADORA DE LOS SERVICIOS DE ACUEDUCTO Y ALCANTARILLADO DE LA URBANIZACION CERROS DEL GRANATE","2438","165","11","OR0001","1002","E12178","76001000","URBANO","NINGUNA","NINGUNA","0","BAJO-BAJO","NO",,,,,,,,"2438","EMPRESAS MUNICIPALES DE CALI   E.I.C.E  E.S.P","2021","8","VALLE DEL CAUCA","CALI","SANTIAGO DE CALI","CALI - YUMBO - PUERTO TEJADA"
"799880769847297888799880769","P11047","TRANSFORMADOR","1","2","0","SUBTERRANEO",,"2020","165","11","FRT08564","517","P11047","76001000","URBANO","NINGUNA","NINGUNA","0","MEDIO-BAJO","NO",,,,,,,,"2438","EMPRESAS MUNICIPALES DE CALI   E.I.C.E  E.S.P","2021","8","VALLE DEL CAUCA","CALI","SANTIAGO DE CALI","CALI - YUMBO - PUERTO TEJADA"
"126072664621812815126072664","P6099","TRANSFORMADOR","1","2","0","SUBTERRANEO","JUNTA ADMINISTRADORA DE LOS SERVICIOS DE ACUEDUCTO Y ALCANTARILLADO DE LA URBANIZACION CERROS DEL GRANATE","2438","165","11","OR0001","517","P6099","76001000","URBANO","NINGUNA","NINGUNA","0","MEDIO","NO",,,,,,,,"2438","EMPRESAS MUNICIPALES DE CALI   E.I.C.E  E.S.P","2021","8","VALLE DEL CAUCA","CALI","SANTIAGO DE CALI","CALI - YUMBO - PUERTO TEJADA"
"2785692935395461327856929","5203848","TRANSFORMADOR","1","2","100","AEREO","JUNTA ADMINISTRADORA DE LOS SERVICIOS DE ACUEDUCTO Y ALCANTARILLADO DE LA URBANIZACION CERROS DEL GRANATE","2438","165","11","OR0001","1002","5203848","76001000","URBANO","NINGUNA","NINGUNA","0","BAJO-BAJO","NO",,,,,,,,"2438","EMPRESAS MUNICIPALES DE CALI   E.I.C.E  E.S.P","2021","8","VALLE DEL CAUCA","CALI","SANTIAGO DE CALI","CALI - YUMBO - PUERTO TEJADA"
"245472011232173619245472011","E7506","TRANSFORMADOR","1","2","100","AEREO","JUNTA ADMINISTRADORA DE LOS SERVICIOS DE ACUEDUCTO Y ALCANTARILLADO DE LA URBANIZACION CERROS DEL GRANATE","2438","165","11","OR0001","1606","E7506","76001000","URBANO","NINGUNA","NINGUNA","0","MEDIO-BAJO","NO",,,,,,,,"2438","EMPRESAS MUNICIPALES DE CALI   E.I.C.E  E.S.P","2021","8","VALLE DEL CAUCA","CALI","SANTIAGO DE CALI","CALI - YUMBO - PUERTO TEJADA"
"80339330741578564803393307","1104331","TRANSFORMADOR","1","2","100","AEREO","JUNTA ADMINISTRADORA DE LOS SERVICIOS DE ACUEDUCTO Y ALCANTARILLADO DE LA URBANIZACION CERROS DEL GRANATE","2438","165","11","OR0001","1606","1104331","76001000","URBANO","NINGUNA","NINGUNA","0","BAJO-BAJO","NO",,,,,,,,"2438","EMPRESAS MUNICIPALES DE CALI   E.I.C.E  E.S.P","2021","8","VALLE DEL CAUCA","CALI","SANTIAGO DE CALI","CALI - YUMBO - PUERTO TEJADA"
"726632812783366059726632812","E17449","TRANSFORMADOR","1","2","100","AEREO","JUNTA ADMINISTRADORA DE LOS SERVICIOS DE ACUEDUCTO Y ALCANTARILLADO DE LA URBANIZACION CERROS DEL GRANATE","2438","165","11","OR0001","711","E17449","76001000","URBANO","NINGUNA","NINGUNA","0","COMERCIAL","NO",,,,,,,,"2438","EMPRESAS MUNICIPALES DE CALI   E.I.C.E  E.S.P","2021","8","VALLE DEL CAUCA","CALI","SANTIAGO DE CALI","CALI - YUMBO - PUERTO TEJADA"
"464245605365279022464245605","5004314","TRANSFORMADOR","1","2","100","AEREO","JUNTA ADMINISTRADORA DE LOS SERVICIOS DE ACUEDUCTO Y ALCANTARILLADO DE LA URBANIZACION CERROS DEL GRANATE","2438","165","11","OR0001","1003","5004314","76001000","URBANO","NINGUNA","NINGUNA","0","BAJO-BAJO","NO",,,,,,,,"2438","EMPRESAS MUNICIPALES DE CALI   E.I.C.E  E.S.P","2021","8","VALLE DEL CAUCA","CALI","SANTIAGO DE CALI","CALI - YUMBO - PUERTO TEJADA"
"56493195555075642564931955","E13129","TRANSFORMADOR","1","2","100","AEREO","JUNTA ADMINISTRADORA DE LOS SERVICIOS DE ACUEDUCTO Y ALCANTARILLADO DE LA URBANIZACION CERROS DEL GRANATE","2438","165","11","OR0001","1706","E13129","76001000","URBANO","NINGUNA","NINGUNA","0","MEDIO-BAJO","NO",,,,,,,,"2438","EMPRESAS MUNICIPALES DE CALI   E.I.C.E  E.S.P","2021","8","VALLE DEL CAUCA","CALI","SANTIAGO DE CALI","CALI - YUMBO - PUERTO TEJADA"
"107007318448708370107007318","E12987","TRANSFORMADOR","1","2","100","AEREO","JUNTA ADMINISTRADORA DE LOS SERVICIOS DE ACUEDUCTO Y ALCANTARILLADO DE LA URBANIZACION CERROS DEL GRANATE","2438","165","11","OR0001","1002","E12987","76001000","URBANO","NINGUNA","NINGUNA","0","BAJO-BAJO","NO",,,,,,,,"2438","EMPRESAS MUNICIPALES DE CALI   E.I.C.E  E.S.P","2021","8","VALLE DEL CAUCA","CALI","SANTIAGO DE CALI","CALI - YUMBO - PUERTO TEJADA"
"801340920519688902801340920","P13357","TRANSFORMADOR","1","2","0","AEREO","JUNTA ADMINISTRADORA DE LOS SERVICIOS DE ACUEDUCTO Y ALCANTARILLADO DE LA URBANIZACION CERROS DEL GRANATE","2438","165","31","OR0001","1101","P13357","76001005","CENTRO POBLADO","NINGUNA","NINGUNA","0","BAJO-BAJO","NO",,,,,,,,"2438","EMPRESAS MUNICIPALES DE CALI   E.I.C.E  E.S.P","2021","8","VALLE DEL CAUCA","CALI","LA BUITRERA","CALI - YUMBO - PUERTO TEJADA"
"225429782122664445225429782","1151452","TRANSFORMADOR","1","2","100","AEREO","JUNTA ADMINISTRADORA DE LOS SERVICIOS DE ACUEDUCTO Y ALCANTARILLADO DE LA URBANIZACION CERROS DEL GRANATE","2438","165","11","OR0001","114","1151452","76001000","URBANO","NINGUNA","NINGUNA","0","BAJO-BAJO","NO",,,,,,,,"2438","EMPRESAS MUNICIPALES DE CALI   E.I.C.E  E.S.P","2021","8","VALLE DEL CAUCA","CALI","SANTIAGO DE CALI","CALI - YUMBO - PUERTO TEJADA"
"967848343135777780967848343","E6311","TRANSFORMADOR","1","2","100","AEREO","JUNTA ADMINISTRADORA DE LOS SERVICIOS DE ACUEDUCTO Y ALCANTARILLADO DE LA URBANIZACION CERROS DEL GRANATE","2438","165","11","OR0001","707","E6311","76001000","URBANO","NINGUNA","NINGUNA","0","BAJO","NO",,,,,,,,"2438","EMPRESAS MUNICIPALES DE CALI   E.I.C.E  E.S.P","2021","8","VALLE DEL CAUCA","CALI","SANTIAGO DE CALI","CALI - YUMBO - PUERTO TEJADA"
"545696710246199883545696710","P2841","TRANSFORMADOR","1","2","0","AEREO","JUNTA ADMINISTRADORA DE LOS SERVICIOS DE ACUEDUCTO Y ALCANTARILLADO DE LA URBANIZACION CERROS DEL GRANATE","2438","165","11","OR0001","1406","P2841","76001000","URBANO","NINGUNA","NINGUNA","0","MEDIO","NO",,,,,,,,"2438","EMPRESAS MUNICIPALES DE CALI   E.I.C.E  E.S.P","2021","8","VALLE DEL CAUCA","CALI","SANTIAGO DE CALI","CALI - YUMBO - PUERTO TEJADA"
"7465398491178138874653984","2427885","TRANSFORMADOR","1","2","0","SUBTERRANEO","JUNTA ADMINISTRADORA DE LOS SERVICIOS DE ACUEDUCTO Y ALCANTARILLADO DE LA URBANIZACION CERROS DEL GRANATE","2438","165","11","OR0001","1607","2427885","76001000","URBANO","NINGUNA","NINGUNA","0","MEDIO","NO",,,,,,,,"2438","EMPRESAS MUNICIPALES DE CALI   E.I.C.E  E.S.P","2021","8","VALLE DEL CAUCA","CALI","SANTIAGO DE CALI","CALI - YUMBO - PUERTO TEJADA"
"257386039882332331257386039","E13369","TRANSFORMADOR","1","2","100","AEREO","JUNTA ADMINISTRADORA DE LOS SERVICIOS DE ACUEDUCTO Y ALCANTARILLADO DE LA URBANIZACION CERROS DEL GRANATE","2438","165","11","OR0001","1719","E13369","76001000","URBANO","NINGUNA","NINGUNA","0","BAJO","NO",,,,,,,,"2438","EMPRESAS MUNICIPALES DE CALI   E.I.C.E  E.S.P","2021","8","VALLE DEL CAUCA","CALI","SANTIAGO DE CALI","CALI - YUMBO - PUERTO TEJADA"
"149181408636654177149181408","1130943","TRANSFORMADOR","1","2","0","AEREO","JUNTA ADMINISTRADORA DE LOS SERVICIOS DE ACUEDUCTO Y ALCANTARILLADO DE LA URBANIZACION CERROS DEL GRANATE","2438","165","11","OR0001","1803","1130943","76892000","URBANO","NINGUNA","NINGUNA","0","BAJO-BAJO","NO",,,,,,,,"2438","EMPRESAS MUNICIPALES DE CALI   E.I.C.E  E.S.P","2021","8","VALLE DEL CAUCA","YUMBO","YUMBO","CALI - YUMBO - PUERTO TEJADA"
"955464333851380145955464333","E16944","TRANSFORMADOR","1","2","100","AEREO","JUNTA ADMINISTRADORA DE LOS SERVICIOS DE ACUEDUCTO Y ALCANTARILLADO DE LA URBANIZACION CERROS DEL GRANATE","2438","165","11","OR0001","1704","E16944","76001000","URBANO","NINGUNA","NINGUNA","0","BAJO","NO",,,,,,,,"2438","EMPRESAS MUNICIPALES DE CALI   E.I.C.E  E.S.P","2021","8","VALLE DEL CAUCA","CALI","SANTIAGO DE CALI","CALI - YUMBO - PUERTO TEJADA"
"812724498116938624812724498","E9938","TRANSFORMADOR","1","2","100","AEREO","JUNTA ADMINISTRADORA DE LOS SERVICIOS DE ACUEDUCTO Y ALCANTARILLADO DE LA URBANIZACION CERROS DEL GRANATE","2438","165","11","OR0001","716","E9938","76001000","URBANO","NINGUNA","NINGUNA","0","BAJO","NO",,,,,,,,"2438","EMPRESAS MUNICIPALES DE CALI   E.I.C.E  E.S.P","2021","8","VALLE DEL CAUCA","CALI","SANTIAGO DE CALI","CALI - YUMBO - PUERTO TEJADA"
"2282502254692630228250225","E4835","TRANSFORMADOR","1","2","100","AEREO","JUNTA ADMINISTRADORA DE LOS SERVICIOS DE ACUEDUCTO Y ALCANTARILLADO DE LA URBANIZACION CERROS DEL GRANATE","2438","165","11","OR0001","1719","E4835","76001000","URBANO","NINGUNA","NINGUNA","0","BAJO","NO",,,,,,,,"2438","EMPRESAS MUNICIPALES DE CALI   E.I.C.E  E.S.P","2021","8","VALLE DEL CAUCA","CALI","SANTIAGO DE CALI","CALI - YUMBO - PUERTO TEJADA"
"463139309615309913463139309","P4033","TRANSFORMADOR","1","2","0","AEREO","JUNTA ADMINISTRADORA DE LOS SERVICIOS DE ACUEDUCTO Y ALCANTARILLADO DE LA URBANIZACION CERROS DEL GRANATE","2438","165","11","OR0001","518","P4033","76001000","URBANO","NINGUNA","NINGUNA","0","MEDIO","NO",,,,,,,,"2438","EMPRESAS MUNICIPALES DE CALI   E.I.C.E  E.S.P","2021","8","VALLE DEL CAUCA","CALI","SANTIAGO DE CALI","CALI - YUMBO - PUERTO TEJADA"
"255478143401318337255478143","E9736","TRANSFORMADOR","1","2","100","AEREO","JUNTA ADMINISTRADORA DE LOS SERVICIOS DE ACUEDUCTO Y ALCANTARILLADO DE LA URBANIZACION CERROS DEL GRANATE","2438","165","11","OR0001","408","E9736","76001000","URBANO","NINGUNA","NINGUNA","0","MEDIO-BAJO","NO",,,,,,,,"2438","EMPRESAS MUNICIPALES DE CALI   E.I.C.E  E.S.P","2021","8","VALLE DEL CAUCA","CALI","SANTIAGO DE CALI","CALI - YUMBO - PUERTO TEJADA"
"742729133816028986742729133","5218659","TRANSFORMADOR","1","2","100","AEREO","JUNTA ADMINISTRADORA DE LOS SERVICIOS DE ACUEDUCTO Y ALCANTARILLADO DE LA URBANIZACION CERROS DEL GRANATE","2438","165","11","OR0001","707","5218659","76001000","URBANO","NINGUNA","NINGUNA","0","COMERCIAL","NO",,,,,,,,"2438","EMPRESAS MUNICIPALES DE CALI   E.I.C.E  E.S.P","2021","8","VALLE DEL CAUCA","CALI","SANTIAGO DE CALI","CALI - YUMBO - PUERTO TEJADA"
"889532710727741560889532710","E12772","TRANSFORMADOR","1","2","100","AEREO","JUNTA ADMINISTRADORA DE LOS SERVICIOS DE ACUEDUCTO Y ALCANTARILLADO DE LA URBANIZACION CERROS DEL GRANATE","2438","165","11","OR0001","1710","E12772","76001000","URBANO","NINGUNA","NINGUNA","0","BAJO","NO",,,,,,,,"2438","EMPRESAS MUNICIPALES DE CALI   E.I.C.E  E.S.P","2021","8","VALLE DEL CAUCA","CALI","SANTIAGO DE CALI","CALI - YUMBO - PUERTO TEJADA"
"579382740410937129579382740","2104288","TRANSFORMADOR","1","2","100","SUBTERRANEO","JUNTA ADMINISTRADORA DE LOS SERVICIOS DE ACUEDUCTO Y ALCANTARILLADO DE LA URBANIZACION CERROS DEL GRANATE","2438","165","11","OR0001","1607","2104288","76001000","URBANO","NINGUNA","NINGUNA","0","MEDIO-ALTO","NO",,,,,,,,"2438","EMPRESAS MUNICIPALES DE CALI   E.I.C.E  E.S.P","2021","8","VALLE DEL CAUCA","CALI","SANTIAGO DE CALI","CALI - YUMBO - PUERTO TEJADA"
"70216725174540112702167251","E6546","TRANSFORMADOR","1","2","100","AEREO","JUNTA ADMINISTRADORA DE LOS SERVICIOS DE ACUEDUCTO Y ALCANTARILLADO DE LA URBANIZACION CERROS DEL GRANATE","2438","165","11","OR0001","408","E6546","76001000","URBANO","NINGUNA","NINGUNA","0","MEDIO-BAJO","NO",,,,,,,,"2438","EMPRESAS MUNICIPALES DE CALI   E.I.C.E  E.S.P","2021","8","VALLE DEL CAUCA","CALI","SANTIAGO DE CALI","CALI - YUMBO - PUERTO TEJADA"
"7634692479960568763469247","P10990","TRANSFORMADOR","1","2","0","SUBTERRANEO","JUNTA ADMINISTRADORA DE LOS SERVICIOS DE ACUEDUCTO Y ALCANTARILLADO DE LA URBANIZACION CERROS DEL GRANATE","2438","165","11","OR0001","1607","P10990","76001000","URBANO","NINGUNA","NINGUNA","0","COMERCIAL","NO",,,,,,,,"2438","EMPRESAS MUNICIPALES DE CALI   E.I.C.E  E.S.P","2021","8","VALLE DEL CAUCA","CALI","SANTIAGO DE CALI","CALI - YUMBO - PUERTO TEJADA"
"262007504194994057262007504","E11248","TRANSFORMADOR","1","2","100","AEREO","JUNTA ADMINISTRADORA DE LOS SERVICIOS DE ACUEDUCTO Y ALCANTARILLADO DE LA URBANIZACION CERROS DEL GRANATE","2438","165","11","OR0001","1410","E11248","76001000","URBANO","NINGUNA","NINGUNA","0","MEDIO-BAJO","NO",,,,,,,,"2438","EMPRESAS MUNICIPALES DE CALI   E.I.C.E  E.S.P","2021","8","VALLE DEL CAUCA","CALI","SANTIAGO DE CALI","CALI - YUMBO - PUERTO TEJADA"
"275975349898978179275975349","P10997","TRANSFORMADOR","1","2","0","SUBTERRANEO",,"20437","165","11","FRT07143","1607","P10997","76001000","URBANO","NINGUNA","NINGUNA","0","MEDIO","NO",,,,,,,,"2438","EMPRESAS MUNICIPALES DE CALI   E.I.C.E  E.S.P","2021","8","VALLE DEL CAUCA","CALI","SANTIAGO DE CALI","CALI - YUMBO - PUERTO TEJADA"
"561274681179138256561274681","E16656","TRANSFORMADOR","1","2","100","AEREO","JUNTA ADMINISTRADORA DE LOS SERVICIOS DE ACUEDUCTO Y ALCANTARILLADO DE LA URBANIZACION CERROS DEL GRANATE","2438","165","11","OR0001","1615","E16656","76001000","URBANO","NINGUNA","NINGUNA","0","MEDIO","NO",,,,,,,,"2438","EMPRESAS MUNICIPALES DE CALI   E.I.C.E  E.S.P","2021","8","VALLE DEL CAUCA","CALI","SANTIAGO DE CALI","CALI - YUMBO - PUERTO TEJADA"
"601981437309196417601981437","E13004","TRANSFORMADOR","1","2","100","AEREO","JUNTA ADMINISTRADORA DE LOS SERVICIOS DE ACUEDUCTO Y ALCANTARILLADO DE LA URBANIZACION CERROS DEL GRANATE","2438","165","11","OR0001","709","E13004","76001000","URBANO","NINGUNA","NINGUNA","0","BAJO","NO",,,,,,,,"2438","EMPRESAS MUNICIPALES DE CALI   E.I.C.E  E.S.P","2021","8","VALLE DEL CAUCA","CALI","SANTIAGO DE CALI","CALI - YUMBO - PUERTO TEJADA"
"741761877199648098741761877","5007216","TRANSFORMADOR","1","2","100","AEREO","JUNTA ADMINISTRADORA DE LOS SERVICIOS DE ACUEDUCTO Y ALCANTARILLADO DE LA URBANIZACION CERROS DEL GRANATE","2438","165","11","OR0001","109","5007216","76001000","URBANO","NINGUNA","NINGUNA","0","COMERCIAL","NO",,,,,,,,"2438","EMPRESAS MUNICIPALES DE CALI   E.I.C.E  E.S.P","2021","8","VALLE DEL CAUCA","CALI","SANTIAGO DE CALI","CALI - YUMBO - PUERTO TEJADA"
"451261350925660153451261350","1089838","TRANSFORMADOR","1","2","100","AEREO","JUNTA ADMINISTRADORA DE LOS SERVICIOS DE ACUEDUCTO Y ALCANTARILLADO DE LA URBANIZACION CERROS DEL GRANATE","2438","165","11","OR0001","412","1089838","76001000","URBANO","NINGUNA","NINGUNA","0","MEDIO-BAJO","NO",,,,,,,,"2438","EMPRESAS MUNICIPALES DE CALI   E.I.C.E  E.S.P","2021","8","VALLE DEL CAUCA","CALI","SANTIAGO DE CALI","CALI - YUMBO - PUERTO TEJADA"
"139569574194161287139569574","5250285","TRANSFORMADOR","1","2","100","AEREO","JUNTA ADMINISTRADORA DE LOS SERVICIOS DE ACUEDUCTO Y ALCANTARILLADO DE LA URBANIZACION CERROS DEL GRANATE","2438","165","31","OR0001","1019","5250285","76001004","CENTRO POBLADO","NINGUNA","ZONAS DIFICIL GESTION","5006","BAJO","NO",,,,,,,,"2438","EMPRESAS MUNICIPALES DE CALI   E.I.C.E  E.S.P","2021","8","VALLE DEL CAUCA","CALI","EL HORMIGUERO","CALI - YUMBO - PUERTO TEJADA"
"433551714674514861433551714","E10960","TRANSFORMADOR","1","2","100","AEREO","JUNTA ADMINISTRADORA DE LOS SERVICIOS DE ACUEDUCTO Y ALCANTARILLADO DE LA URBANIZACION CERROS DEL GRANATE","2438","165","11","OR0001","1719","E10960","76001000","URBANO","NINGUNA","NINGUNA","0","MEDIO-BAJO","NO",,,,,,,,"2438","EMPRESAS MUNICIPALES DE CALI   E.I.C.E  E.S.P","2021","8","VALLE DEL CAUCA","CALI","SANTIAGO DE CALI","CALI - YUMBO - PUERTO TEJADA"
"716299930270946082716299930","5021189","TRANSFORMADOR","1","2","100","AEREO","JUNTA ADMINISTRADORA DE LOS SERVICIOS DE ACUEDUCTO Y ALCANTARILLADO DE LA URBANIZACION CERROS DEL GRANATE","2438","165","11","OR0001","2004","5021189","76001000","URBANO","NINGUNA","NINGUNA","0","BAJO","NO",,,,,,,,"2438","EMPRESAS MUNICIPALES DE CALI   E.I.C.E  E.S.P","2021","8","VALLE DEL CAUCA","CALI","SANTIAGO DE CALI","CALI - YUMBO - PUERTO TEJADA"
"557638475134948990557638475","E19174","TRANSFORMADOR","1","2","100","SUBTERRANEO","JUNTA ADMINISTRADORA DE LOS SERVICIOS DE ACUEDUCTO Y ALCANTARILLADO DE LA URBANIZACION CERROS DEL GRANATE","2438","165","31","OR0001","2303","E19174","76001003","URBANO","NINGUNA","NINGUNA","0","ALTO","NO",,,,,,,,"2438","EMPRESAS MUNICIPALES DE CALI   E.I.C.E  E.S.P","2021","8","VALLE DEL CAUCA","CALI","GOLONDRINAS","CALI - YUMBO - PUERTO TEJADA"
"809647005635370760809647005","E14692","TRANSFORMADOR","1","2","100","AEREO","JUNTA ADMINISTRADORA DE LOS SERVICIOS DE ACUEDUCTO Y ALCANTARILLADO DE LA URBANIZACION CERROS DEL GRANATE","2438","165","11","OR0001","512","E14692","76001000","URBANO","NINGUNA","NINGUNA","0","MEDIO-BAJO","NO",,,,,,,,"2438","EMPRESAS MUNICIPALES DE CALI   E.I.C.E  E.S.P","2021","8","VALLE DEL CAUCA","CALI","SANTIAGO DE CALI","CALI - YUMBO - PUERTO TEJADA"
"652621535151228813652621535","E8249","TRANSFORMADOR","1","2","100","AEREO","JUNTA ADMINISTRADORA DE LOS SERVICIOS DE ACUEDUCTO Y ALCANTARILLADO DE LA URBANIZACION CERROS DEL GRANATE","2438","165","11","OR0001","1605","E8249","76001000","URBANO","NINGUNA","NINGUNA","0","BAJO","NO",,,,,,,,"2438","EMPRESAS MUNICIPALES DE CALI   E.I.C.E  E.S.P","2021","8","VALLE DEL CAUCA","CALI","SANTIAGO DE CALI","CALI - YUMBO - PUERTO TEJADA"
"517281340942488591517281340","E17621","TRANSFORMADOR","1","2","100","AEREO","JUNTA ADMINISTRADORA DE LOS SERVICIOS DE ACUEDUCTO Y ALCANTARILLADO DE LA URBANIZACION CERROS DEL GRANATE","2438","165","11","OR0001","1611","E17621","76001000","URBANO","NINGUNA","NINGUNA","0","MEDIO-BAJO","NO",,,,,,,,"2438","EMPRESAS MUNICIPALES DE CALI   E.I.C.E  E.S.P","2021","8","VALLE DEL CAUCA","CALI","SANTIAGO DE CALI","CALI - YUMBO - PUERTO TEJADA"
"2934586667349254129345866","1754840","TRANSFORMADOR","1","2","100","AEREO","JUNTA ADMINISTRADORA DE LOS SERVICIOS DE ACUEDUCTO Y ALCANTARILLADO DE LA URBANIZACION CERROS DEL GRANATE","2438","165","11","OR0001","718","1754840","76001000","URBANO","NINGUNA","NINGUNA","0","BAJO-BAJO","NO",,,,,,,,"2438","EMPRESAS MUNICIPALES DE CALI   E.I.C.E  E.S.P","2021","8","VALLE DEL CAUCA","CALI","SANTIAGO DE CALI","CALI - YUMBO - PUERTO TEJADA"
"958134633206352660958134633","P10022","TRANSFORMADOR","1","2","0","SUBTERRANEO","JUNTA ADMINISTRADORA DE LOS SERVICIOS DE ACUEDUCTO Y ALCANTARILLADO DE LA URBANIZACION CERROS DEL GRANATE","2438","165","11","OR0001","1603","P10022","76001000","URBANO","NINGUNA","NINGUNA","0","MEDIO-BAJO","NO",,,,,,,,"2438","EMPRESAS MUNICIPALES DE CALI   E.I.C.E  E.S.P","2021","8","VALLE DEL CAUCA","CALI","SANTIAGO DE CALI","CALI - YUMBO - PUERTO TEJADA"
"72471745482717326724717454","5007747","TRANSFORMADOR","1","2","100","AEREO","JUNTA ADMINISTRADORA DE LOS SERVICIOS DE ACUEDUCTO Y ALCANTARILLADO DE LA URBANIZACION CERROS DEL GRANATE","2438","165","11","OR0001","1012","5007747","76001000","URBANO","NINGUNA","NINGUNA","0","BAJO-BAJO","NO",,,,,,,,"2438","EMPRESAS MUNICIPALES DE CALI   E.I.C.E  E.S.P","2021","8","VALLE DEL CAUCA","CALI","SANTIAGO DE CALI","CALI - YUMBO - PUERTO TEJADA"
"729123098660523269729123098","2207729","TRANSFORMADOR","1","2","100","AEREO","JUNTA ADMINISTRADORA DE LOS SERVICIOS DE ACUEDUCTO Y ALCANTARILLADO DE LA URBANIZACION CERROS DEL GRANATE","2438","165","11","OR0001","1615","2207729","76001000","URBANO","NINGUNA","NINGUNA","0","BAJO","NO",,,,,,,,"2438","EMPRESAS MUNICIPALES DE CALI   E.I.C.E  E.S.P","2021","8","VALLE DEL CAUCA","CALI","SANTIAGO DE CALI","CALI - YUMBO - PUERTO TEJADA"
"305675296910174961305675296","P6855","TRANSFORMADOR","1","2","0","SUBTERRANEO","JUNTA ADMINISTRADORA DE LOS SERVICIOS DE ACUEDUCTO Y ALCANTARILLADO DE LA URBANIZACION CERROS DEL GRANATE","2438","165","11","OR0001","1609","P6855","76001000","URBANO","NINGUNA","NINGUNA","0","ALTO","NO",,,,,,,,"2438","EMPRESAS MUNICIPALES DE CALI   E.I.C.E  E.S.P","2021","8","VALLE DEL CAUCA","CALI","SANTIAGO DE CALI","CALI - YUMBO - PUERTO TEJADA"
"604953376811004719604953376","P3097","TRANSFORMADOR","1","2","0","AEREO","JUNTA ADMINISTRADORA DE LOS SERVICIOS DE ACUEDUCTO Y ALCANTARILLADO DE LA URBANIZACION CERROS DEL GRANATE","2438","165","11","OR0001","515","P3097","76001000","URBANO","NINGUNA","NINGUNA","0","MEDIO","NO",,,,,,,,"2438","EMPRESAS MUNICIPALES DE CALI   E.I.C.E  E.S.P","2021","8","VALLE DEL CAUCA","CALI","SANTIAGO DE CALI","CALI - YUMBO - PUERTO TEJADA"
"150671928351131678150671928","E7173","TRANSFORMADOR","1","2","100","AEREO","JUNTA ADMINISTRADORA DE LOS SERVICIOS DE ACUEDUCTO Y ALCANTARILLADO DE LA URBANIZACION CERROS DEL GRANATE","2438","165","11","OR0001","1006","E7173","76001000","URBANO","NINGUNA","NINGUNA","0","BAJO","NO",,,,,,,,"2438","EMPRESAS MUNICIPALES DE CALI   E.I.C.E  E.S.P","2021","8","VALLE DEL CAUCA","CALI","SANTIAGO DE CALI","CALI - YUMBO - PUERTO TEJADA"
"356228847755339235622884","2383527","TRANSFORMADOR","1","2","0","SUBTERRANEO","JUNTA ADMINISTRADORA DE LOS SERVICIOS DE ACUEDUCTO Y ALCANTARILLADO DE LA URBANIZACION CERROS DEL GRANATE","2438","165","11","OR0001","1615","2383527","76001000","URBANO","NINGUNA","NINGUNA","0","MEDIO","NO",,,,,,,,"2438","EMPRESAS MUNICIPALES DE CALI   E.I.C.E  E.S.P","2021","8","VALLE DEL CAUCA","CALI","SANTIAGO DE CALI","CALI - YUMBO - PUERTO TEJADA"
"60562904908241696056290","E15877","TRANSFORMADOR","1","2","100","AEREO","JUNTA ADMINISTRADORA DE LOS SERVICIOS DE ACUEDUCTO Y ALCANTARILLADO DE LA URBANIZACION CERROS DEL GRANATE","2438","165","11","OR0001","1016","E15877","76001000","URBANO","NINGUNA","NINGUNA","0","BAJO-BAJO","NO",,,,,,,,"2438","EMPRESAS MUNICIPALES DE CALI   E.I.C.E  E.S.P","2021","8","VALLE DEL CAUCA","CALI","SANTIAGO DE CALI","CALI - YUMBO - PUERTO TEJADA"
"431341646713250709431341646","E3057","TRANSFORMADOR","1","2","100","AEREO","JUNTA ADMINISTRADORA DE LOS SERVICIOS DE ACUEDUCTO Y ALCANTARILLADO DE LA URBANIZACION CERROS DEL GRANATE","2438","165","11","OR0001","211","E3057","76001000","URBANO","NINGUNA","NINGUNA","0","MEDIO-ALTO","NO",,,,,,,,"2438","EMPRESAS MUNICIPALES DE CALI   E.I.C.E  E.S.P","2021","8","VALLE DEL CAUCA","CALI","SANTIAGO DE CALI","CALI - YUMBO - PUERTO TEJADA"
"470183376361529139470183376","E3680","TRANSFORMADOR","1","2","100","AEREO","JUNTA ADMINISTRADORA DE LOS SERVICIOS DE ACUEDUCTO Y ALCANTARILLADO DE LA URBANIZACION CERROS DEL GRANATE","2438","165","11","OR0001","707","E3680","76001000","URBANO","NINGUNA","NINGUNA","0","MEDIO-BAJO","NO",,,,,,,,"2438","EMPRESAS MUNICIPALES DE CALI   E.I.C.E  E.S.P","2021","8","VALLE DEL CAUCA","CALI","SANTIAGO DE CALI","CALI - YUMBO - PUERTO TEJADA"
"649058632933292455649058632","E12004","TRANSFORMADOR","1","2","100","AEREO","JUNTA ADMINISTRADORA DE LOS SERVICIOS DE ACUEDUCTO Y ALCANTARILLADO DE LA URBANIZACION CERROS DEL GRANATE","2438","165","11","OR0001","1608","E12004","76001000","URBANO","NINGUNA","NINGUNA","0","MEDIO-ALTO","NO",,,,,,,,"2438","EMPRESAS MUNICIPALES DE CALI   E.I.C.E  E.S.P","2021","8","VALLE DEL CAUCA","CALI","SANTIAGO DE CALI","CALI - YUMBO - PUERTO TEJADA"
"153300477139922842153300477","P5617","TRANSFORMADOR","1","2","0","SUBTERRANEO","JUNTA ADMINISTRADORA DE LOS SERVICIOS DE ACUEDUCTO Y ALCANTARILLADO DE LA URBANIZACION CERROS DEL GRANATE","2438","165","11","OR0001","315","P5617","76001000","URBANO","NINGUNA","NINGUNA","0","MEDIO-BAJO","NO",,,,,,,,"2438","EMPRESAS MUNICIPALES DE CALI   E.I.C.E  E.S.P","2021","8","VALLE DEL CAUCA","CALI","SANTIAGO DE CALI","CALI - YUMBO - PUERTO TEJADA"
"733193624579567218733193624","P10697","TRANSFORMADOR","1","2","0","SUBTERRANEO","JUNTA ADMINISTRADORA DE LOS SERVICIOS DE ACUEDUCTO Y ALCANTARILLADO DE LA URBANIZACION CERROS DEL GRANATE","2438","165","11","OR0001","112","P10697","76001000","URBANO","NINGUNA","NINGUNA","0","ALTO","NO",,,,,,,,"2438","EMPRESAS MUNICIPALES DE CALI   E.I.C.E  E.S.P","2021","8","VALLE DEL CAUCA","CALI","SANTIAGO DE CALI","CALI - YUMBO - PUERTO TEJADA"
"411139487682225223411139487","5290309","TRANSFORMADOR","1","2","100","AEREO","JUNTA ADMINISTRADORA DE LOS SERVICIOS DE ACUEDUCTO Y ALCANTARILLADO DE LA URBANIZACION CERROS DEL GRANATE","2438","165","11","OR0001","708","5290309","76001000","URBANO","NINGUNA","NINGUNA","0","BAJO-BAJO","NO",,,,,,,,"2438","EMPRESAS MUNICIPALES DE CALI   E.I.C.E  E.S.P","2021","8","VALLE DEL CAUCA","CALI","SANTIAGO DE CALI","CALI - YUMBO - PUERTO TEJADA"
"912487087712484134912487087","E16980","TRANSFORMADOR","1","2","100","AEREO","JUNTA ADMINISTRADORA DE LOS SERVICIOS DE ACUEDUCTO Y ALCANTARILLADO DE LA URBANIZACION CERROS DEL GRANATE","2438","165","11","OR0001","409","E16980","76001000","URBANO","NINGUNA","NINGUNA","0","BAJO","NO",,,,,,,,"2438","EMPRESAS MUNICIPALES DE CALI   E.I.C.E  E.S.P","2021","8","VALLE DEL CAUCA","CALI","SANTIAGO DE CALI","CALI - YUMBO - PUERTO TEJADA"
"511061995378315287511061995","E15993","TRANSFORMADOR","1","2","100","AEREO","JUNTA ADMINISTRADORA DE LOS SERVICIOS DE ACUEDUCTO Y ALCANTARILLADO DE LA URBANIZACION CERROS DEL GRANATE","2438","165","11","OR0001","1605","E15993","76001000","URBANO","NINGUNA","NINGUNA","0","BAJO","NO",,,,,,,,"2438","EMPRESAS MUNICIPALES DE CALI   E.I.C.E  E.S.P","2021","8","VALLE DEL CAUCA","CALI","SANTIAGO DE CALI","CALI - YUMBO - PUERTO TEJADA"
"812138517644356619812138517","P10413","TRANSFORMADOR","1","2","0","SUBTERRANEO","JUNTA ADMINISTRADORA DE LOS SERVICIOS DE ACUEDUCTO Y ALCANTARILLADO DE LA URBANIZACION CERROS DEL GRANATE","2438","165","11","OR0001","1615","P10413","76001000","URBANO","NINGUNA","NINGUNA","0","MEDIO","NO",,,,,,,,"2438","EMPRESAS MUNICIPALES DE CALI   E.I.C.E  E.S.P","2021","8","VALLE DEL CAUCA","CALI","SANTIAGO DE CALI","CALI - YUMBO - PUERTO TEJADA"
"353985133518074231353985133","1077112","TRANSFORMADOR","1","2","100","AEREO","JUNTA ADMINISTRADORA DE LOS SERVICIOS DE ACUEDUCTO Y ALCANTARILLADO DE LA URBANIZACION CERROS DEL GRANATE","2438","165","11","OR0001","1706","1077112","76001000","URBANO","NINGUNA","NINGUNA","0","MEDIO-BAJO","NO",,,,,,,,"2438","EMPRESAS MUNICIPALES DE CALI   E.I.C.E  E.S.P","2021","8","VALLE DEL CAUCA","CALI","SANTIAGO DE CALI","CALI - YUMBO - PUERTO TEJADA"
"145702022254014509145702022","E7951","TRANSFORMADOR","1","2","100","AEREO","JUNTA ADMINISTRADORA DE LOS SERVICIOS DE ACUEDUCTO Y ALCANTARILLADO DE LA URBANIZACION CERROS DEL GRANATE","2438","165","11","OR0001","407","E7951","76001000","URBANO","NINGUNA","NINGUNA","0","ALUMBRADO PUBLICO","NO",,,,,,,,"2438","EMPRESAS MUNICIPALES DE CALI   E.I.C.E  E.S.P","2021","8","VALLE DEL CAUCA","CALI","SANTIAGO DE CALI","CALI - YUMBO - PUERTO TEJADA"
"632342063843354907632342063","E16992","TRANSFORMADOR","1","2","100","AEREO","JUNTA ADMINISTRADORA DE LOS SERVICIOS DE ACUEDUCTO Y ALCANTARILLADO DE LA URBANIZACION CERROS DEL GRANATE","2438","165","11","OR0001","1403","E16992","76001000","URBANO","NINGUNA","NINGUNA","0","MEDIO-BAJO","NO",,,,,,,,"2438","EMPRESAS MUNICIPALES DE CALI   E.I.C.E  E.S.P","2021","8","VALLE DEL CAUCA","CALI","SANTIAGO DE CALI","CALI - YUMBO - PUERTO TEJADA"
"269613675297562468269613675","2409585","TRANSFORMADOR","1","2","0","AEREO","JUNTA ADMINISTRADORA DE LOS SERVICIOS DE ACUEDUCTO Y ALCANTARILLADO DE LA URBANIZACION CERROS DEL GRANATE","2438","165","11","OR0001","1615","2409585","76001000","URBANO","NINGUNA","NINGUNA","0","BAJO","NO",,,,,,,,"2438","EMPRESAS MUNICIPALES DE CALI   E.I.C.E  E.S.P","2021","8","VALLE DEL CAUCA","CALI","SANTIAGO DE CALI","CALI - YUMBO - PUERTO TEJADA"
"86720525043962538672052","E17734","TRANSFORMADOR","1","2","100","AEREO","JUNTA ADMINISTRADORA DE LOS SERVICIOS DE ACUEDUCTO Y ALCANTARILLADO DE LA URBANIZACION CERROS DEL GRANATE","2438","165","11","OR0001","1801","E17734","76892000","URBANO","NINGUNA","NINGUNA","0","BAJO-BAJO","NO",,,,,,,,"2438","EMPRESAS MUNICIPALES DE CALI   E.I.C.E  E.S.P","2021","8","VALLE DEL CAUCA","YUMBO","YUMBO","CALI - YUMBO - PUERTO TEJADA"
"159244480435296885159244480","E7340","TRANSFORMADOR","1","2","100","AEREO","JUNTA ADMINISTRADORA DE LOS SERVICIOS DE ACUEDUCTO Y ALCANTARILLADO DE LA URBANIZACION CERROS DEL GRANATE","2438","165","11","OR0001","1403","E7340","76001000","URBANO","NINGUNA","NINGUNA","0","MEDIO-BAJO","NO",,,,,,,,"2438","EMPRESAS MUNICIPALES DE CALI   E.I.C.E  E.S.P","2021","8","VALLE DEL CAUCA","CALI","SANTIAGO DE CALI","CALI - YUMBO - PUERTO TEJADA"
"252332482158496981252332482","1114751","TRANSFORMADOR","1","2","100","AEREO","JUNTA ADMINISTRADORA DE LOS SERVICIOS DE ACUEDUCTO Y ALCANTARILLADO DE LA URBANIZACION CERROS DEL GRANATE","2438","165","11","OR0001","1704","1114751","76001000","URBANO","NINGUNA","NINGUNA","0","BAJO","NO",,,,,,,,"2438","EMPRESAS MUNICIPALES DE CALI   E.I.C.E  E.S.P","2021","8","VALLE DEL CAUCA","CALI","SANTIAGO DE CALI","CALI - YUMBO - PUERTO TEJADA"
"758336642837926320758336642","E13778","TRANSFORMADOR","1","2","100","AEREO","JUNTA ADMINISTRADORA DE LOS SERVICIOS DE ACUEDUCTO Y ALCANTARILLADO DE LA URBANIZACION CERROS DEL GRANATE","2438","165","11","OR0001","1006","E13778","76001000","URBANO","NINGUNA","NINGUNA","0","BAJO-BAJO","NO",,,,,,,,"2438","EMPRESAS MUNICIPALES DE CALI   E.I.C.E  E.S.P","2021","8","VALLE DEL CAUCA","CALI","SANTIAGO DE CALI","CALI - YUMBO - PUERTO TEJADA"
"636088158407735803636088158","P7938","TRANSFORMADOR","1","2","0","SUBTERRANEO","JUNTA ADMINISTRADORA DE LOS SERVICIOS DE ACUEDUCTO Y ALCANTARILLADO DE LA URBANIZACION CERROS DEL GRANATE","2438","165","11","OR0001","1611","P7938","76001000","URBANO","NINGUNA","NINGUNA","0","MEDIO-BAJO","NO",,,,,,,,"2438","EMPRESAS MUNICIPALES DE CALI   E.I.C.E  E.S.P","2021","8","VALLE DEL CAUCA","CALI","SANTIAGO DE CALI","CALI - YUMBO - PUERTO TEJADA"
"589671175339916163589671175","E8963","TRANSFORMADOR","1","2","100","AEREO","JUNTA ADMINISTRADORA DE LOS SERVICIOS DE ACUEDUCTO Y ALCANTARILLADO DE LA URBANIZACION CERROS DEL GRANATE","2438","165","11","OR0001","1010","E8963","76001000","URBANO","NINGUNA","NINGUNA","0","BAJO","NO",,,,,,,,"2438","EMPRESAS MUNICIPALES DE CALI   E.I.C.E  E.S.P","2021","8","VALLE DEL CAUCA","CALI","SANTIAGO DE CALI","CALI - YUMBO - PUERTO TEJADA"
"117330026923043595117330026","P9439","TRANSFORMADOR","1","2","0","SUBTERRANEO","JUNTA ADMINISTRADORA DE LOS SERVICIOS DE ACUEDUCTO Y ALCANTARILLADO DE LA URBANIZACION CERROS DEL GRANATE","2438","165","11","OR0001","104","P9439","76001000","URBANO","NINGUNA","NINGUNA","0","ALTO","NO",,,,,,,,"2438","EMPRESAS MUNICIPALES DE CALI   E.I.C.E  E.S.P","2021","8","VALLE DEL CAUCA","CALI","SANTIAGO DE CALI","CALI - YUMBO - PUERTO TEJADA"
"357968505264862490357968505","E13811","TRANSFORMADOR","1","2","100","AEREO","JUNTA ADMINISTRADORA DE LOS SERVICIOS DE ACUEDUCTO Y ALCANTARILLADO DE LA URBANIZACION CERROS DEL GRANATE","2438","165","11","OR0001","1606","E13811","76001000","URBANO","NINGUNA","NINGUNA","0","BAJO-BAJO","NO",,,,,,,,"2438","EMPRESAS MUNICIPALES DE CALI   E.I.C.E  E.S.P","2021","8","VALLE DEL CAUCA","CALI","SANTIAGO DE CALI","CALI - YUMBO - PUERTO TEJADA"
"24404633656291362244046336","E10205","TRANSFORMADOR","1","2","100","AEREO","JUNTA ADMINISTRADORA DE LOS SERVICIOS DE ACUEDUCTO Y ALCANTARILLADO DE LA URBANIZACION CERROS DEL GRANATE","2438","165","11","OR0001","1614","E10205","76001000","URBANO","NINGUNA","NINGUNA","0","COMERCIAL","NO",,,,,,,,"2438","EMPRESAS MUNICIPALES DE CALI   E.I.C.E  E.S.P","2021","8","VALLE DEL CAUCA","CALI","SANTIAGO DE CALI","CALI - YUMBO - PUERTO TEJADA"
"984623126329185447984623126","E14184","TRANSFORMADOR","1","2","100","AEREO","JUNTA ADMINISTRADORA DE LOS SERVICIOS DE ACUEDUCTO Y ALCANTARILLADO DE LA URBANIZACION CERROS DEL GRANATE","2438","165","11","OR0001","512","E14184","76001000","URBANO","NINGUNA","NINGUNA","0","MEDIO-BAJO","NO",,,,,,,,"2438","EMPRESAS MUNICIPALES DE CALI   E.I.C.E  E.S.P","2021","8","VALLE DEL CAUCA","CALI","SANTIAGO DE CALI","CALI - YUMBO - PUERTO TEJADA"
"518104502474759993518104502","P3450","TRANSFORMADOR","1","2","0","AEREO","JUNTA ADMINISTRADORA DE LOS SERVICIOS DE ACUEDUCTO Y ALCANTARILLADO DE LA URBANIZACION CERROS DEL GRANATE","2438","165","11","OR0001","211","P3450","76001000","URBANO","NINGUNA","NINGUNA","0","MEDIO-ALTO","NO",,,,,,,,"2438","EMPRESAS MUNICIPALES DE CALI   E.I.C.E  E.S.P","2021","8","VALLE DEL CAUCA","CALI","SANTIAGO DE CALI","CALI - YUMBO - PUERTO TEJADA"
"926800727716540365926800727","2215519","TRANSFORMADOR","1","2","100","SUBTERRANEO","JUNTA ADMINISTRADORA DE LOS SERVICIOS DE ACUEDUCTO Y ALCANTARILLADO DE LA URBANIZACION CERROS DEL GRANATE","2438","165","11","OR0001","1615","2215519","76001000","URBANO","NINGUNA","NINGUNA","0","MEDIO","NO",,,,,,,,"2438","EMPRESAS MUNICIPALES DE CALI   E.I.C.E  E.S.P","2021","8","VALLE DEL CAUCA","CALI","SANTIAGO DE CALI","CALI - YUMBO - PUERTO TEJADA"
"264976364455055130264976364","E3894","TRANSFORMADOR","1","2","100","AEREO","JUNTA ADMINISTRADORA DE LOS SERVICIOS DE ACUEDUCTO Y ALCANTARILLADO DE LA URBANIZACION CERROS DEL GRANATE","2438","165","11","OR0001","1103","E3894","76001000","URBANO","NINGUNA","NINGUNA","0","MEDIO","NO",,,,,,,,"2438","EMPRESAS MUNICIPALES DE CALI   E.I.C.E  E.S.P","2021","8","VALLE DEL CAUCA","CALI","SANTIAGO DE CALI","CALI - YUMBO - PUERTO TEJADA"
"207017110665409396207017110","P11809","TRANSFORMADOR","1","2","0","AEREO",,"20437","165","11","FRT09381","1410","P11809","76001000","URBANO","NINGUNA","NINGUNA","0","MEDIO-BAJO","NO",,,,,,,,"2438","EMPRESAS MUNICIPALES DE CALI   E.I.C.E  E.S.P","2021","8","VALLE DEL CAUCA","CALI","SANTIAGO DE CALI","CALI - YUMBO - PUERTO TEJADA"
"3787911389264804537879113","1073141","TRANSFORMADOR","1","2","100","AEREO","JUNTA ADMINISTRADORA DE LOS SERVICIOS DE ACUEDUCTO Y ALCANTARILLADO DE LA URBANIZACION CERROS DEL GRANATE","2438","165","11","OR0001","1701","1073141","76001000","URBANO","NINGUNA","NINGUNA","0","BAJO","NO",,,,,,,,"2438","EMPRESAS MUNICIPALES DE CALI   E.I.C.E  E.S.P","2021","8","VALLE DEL CAUCA","CALI","SANTIAGO DE CALI","CALI - YUMBO - PUERTO TEJADA"
"834948725386315293834948725","E5164","TRANSFORMADOR","1","2","100","AEREO","JUNTA ADMINISTRADORA DE LOS SERVICIOS DE ACUEDUCTO Y ALCANTARILLADO DE LA URBANIZACION CERROS DEL GRANATE","2438","165","11","OR0001","514","E5164","76001000","URBANO","NINGUNA","NINGUNA","0","MEDIO-BAJO","NO",,,,,,,,"2438","EMPRESAS MUNICIPALES DE CALI   E.I.C.E  E.S.P","2021","8","VALLE DEL CAUCA","CALI","SANTIAGO DE CALI","CALI - YUMBO - PUERTO TEJADA"
"844527411184591108844527411","E6968","TRANSFORMADOR","1","2","100","AEREO","JUNTA ADMINISTRADORA DE LOS SERVICIOS DE ACUEDUCTO Y ALCANTARILLADO DE LA URBANIZACION CERROS DEL GRANATE","2438","165","21","OR0001","2201","E6968","19573000","URBANO","NINGUNA","NINGUNA","0","MEDIO-BAJO","NO",,,,,,,,"2438","EMPRESAS MUNICIPALES DE CALI   E.I.C.E  E.S.P","2021","8","CAUCA","PUERTO TEJADA","PUERTO TEJADA","CALI - YUMBO - PUERTO TEJADA"
"74514327376211324745143273","P2966","TRANSFORMADOR","1","2","0","AEREO","JUNTA ADMINISTRADORA DE LOS SERVICIOS DE ACUEDUCTO Y ALCANTARILLADO DE LA URBANIZACION CERROS DEL GRANATE","2438","165","11","OR0001","515","P2966","76001000","URBANO","NINGUNA","NINGUNA","0","MEDIO","NO",,,,,,,,"2438","EMPRESAS MUNICIPALES DE CALI   E.I.C.E  E.S.P","2021","8","VALLE DEL CAUCA","CALI","SANTIAGO DE CALI","CALI - YUMBO - PUERTO TEJADA"
"931388377324423461931388377","1130943","TRANSFORMADOR","1","2","0","AEREO","JUNTA ADMINISTRADORA DE LOS SERVICIOS DE ACUEDUCTO Y ALCANTARILLADO DE LA URBANIZACION CERROS DEL GRANATE","2438","165","11","OR0001","1803","1130943","76892000","URBANO","NINGUNA","NINGUNA","0","BAJO-BAJO","NO",,,,,,,,"2438","EMPRESAS MUNICIPALES DE CALI   E.I.C.E  E.S.P","2021","8","VALLE DEL CAUCA","YUMBO","YUMBO","CALI - YUMBO - PUERTO TEJADA"
"100487639801823728100487639","P4414","TRANSFORMADOR","1","2","0","AEREO","JUNTA ADMINISTRADORA DE LOS SERVICIOS DE ACUEDUCTO Y ALCANTARILLADO DE LA URBANIZACION CERROS DEL GRANATE","2438","165","11","OR0001","2002","P4414","76001000","URBANO","NINGUNA","NINGUNA","0","ALTO","NO",,,,,,,,"2438","EMPRESAS MUNICIPALES DE CALI   E.I.C.E  E.S.P","2021","8","VALLE DEL CAUCA","CALI","SANTIAGO DE CALI","CALI - YUMBO - PUERTO TEJADA"
"219576348189499003219576348","2400171","TRANSFORMADOR","1","2","100","SUBTERRANEO","JUNTA ADMINISTRADORA DE LOS SERVICIOS DE ACUEDUCTO Y ALCANTARILLADO DE LA URBANIZACION CERROS DEL GRANATE","2438","165","11","OR0001","1607","2400171","76001000","URBANO","NINGUNA","NINGUNA","0","MEDIO","NO",,,,,,,,"2438","EMPRESAS MUNICIPALES DE CALI   E.I.C.E  E.S.P","2021","8","VALLE DEL CAUCA","CALI","SANTIAGO DE CALI","CALI - YUMBO - PUERTO TEJADA"
"504768486260102991504768486","P10669","TRANSFORMADOR","1","2","0","SUBTERRANEO",,"20437","165","11","FRT06592","1611","P10669","76001000","URBANO","NINGUNA","NINGUNA","0","MEDIO-BAJO","NO",,,,,,,,"2438","EMPRESAS MUNICIPALES DE CALI   E.I.C.E  E.S.P","2021","8","VALLE DEL CAUCA","CALI","SANTIAGO DE CALI","CALI - YUMBO - PUERTO TEJADA"
"278713345480682937278713345","E13671","TRANSFORMADOR","1","2","100","AEREO","JUNTA ADMINISTRADORA DE LOS SERVICIOS DE ACUEDUCTO Y ALCANTARILLADO DE LA URBANIZACION CERROS DEL GRANATE","2438","165","11","OR0001","408","E13671","76001000","URBANO","NINGUNA","NINGUNA","0","MEDIO-BAJO","NO",,,,,,,,"2438","EMPRESAS MUNICIPALES DE CALI   E.I.C.E  E.S.P","2021","8","VALLE DEL CAUCA","CALI","SANTIAGO DE CALI","CALI - YUMBO - PUERTO TEJADA"
"981571258706305888981571258","1074202","TRANSFORMADOR","1","2","100","AEREO","JUNTA ADMINISTRADORA DE LOS SERVICIOS DE ACUEDUCTO Y ALCANTARILLADO DE LA URBANIZACION CERROS DEL GRANATE","2438","165","11","OR0001","718","1074202","76001000","URBANO","NINGUNA","NINGUNA","0","BAJO-BAJO","NO",,,,,,,,"2438","EMPRESAS MUNICIPALES DE CALI   E.I.C.E  E.S.P","2021","8","VALLE DEL CAUCA","CALI","SANTIAGO DE CALI","CALI - YUMBO - PUERTO TEJADA"
"52412034989723502524120349","E9334","TRANSFORMADOR","1","2","100","AEREO","JUNTA ADMINISTRADORA DE LOS SERVICIOS DE ACUEDUCTO Y ALCANTARILLADO DE LA URBANIZACION CERROS DEL GRANATE","2438","165","11","OR0001","1005","E9334","76001000","URBANO","NINGUNA","NINGUNA","0","BAJO-BAJO","NO",,,,,,,,"2438","EMPRESAS MUNICIPALES DE CALI   E.I.C.E  E.S.P","2021","8","VALLE DEL CAUCA","CALI","SANTIAGO DE CALI","CALI - YUMBO - PUERTO TEJADA"
"918365444341019719918365444","E15862","TRANSFORMADOR","1","2","100","AEREO","JUNTA ADMINISTRADORA DE LOS SERVICIOS DE ACUEDUCTO Y ALCANTARILLADO DE LA URBANIZACION CERROS DEL GRANATE","2438","165","11","OR0001","1604","E15862","76001000","URBANO","NINGUNA","NINGUNA","0","MEDIO-BAJO","NO",,,,,,,,"2438","EMPRESAS MUNICIPALES DE CALI   E.I.C.E  E.S.P","2021","8","VALLE DEL CAUCA","CALI","SANTIAGO DE CALI","CALI - YUMBO - PUERTO TEJADA"
"221431679269624637221431679","P4233","TRANSFORMADOR","1","2","0","SUBTERRANEO","JUNTA ADMINISTRADORA DE LOS SERVICIOS DE ACUEDUCTO Y ALCANTARILLADO DE LA URBANIZACION CERROS DEL GRANATE","2438","165","11","OR0001","2004","P4233","76001000","URBANO","NINGUNA","NINGUNA","0","MEDIO-ALTO","NO",,,,,,,,"2438","EMPRESAS MUNICIPALES DE CALI   E.I.C.E  E.S.P","2021","8","VALLE DEL CAUCA","CALI","SANTIAGO DE CALI","CALI - YUMBO - PUERTO TEJADA"
"917175457629585571917175457","2312298","TRANSFORMADOR","1","2","100","SUBTERRANEO","JUNTA ADMINISTRADORA DE LOS SERVICIOS DE ACUEDUCTO Y ALCANTARILLADO DE LA URBANIZACION CERROS DEL GRANATE","2438","165","11","OR0001","112","2312298","76001000","URBANO","NINGUNA","NINGUNA","0","MEDIO","NO",,,,,,,,"2438","EMPRESAS MUNICIPALES DE CALI   E.I.C.E  E.S.P","2021","8","VALLE DEL CAUCA","CALI","SANTIAGO DE CALI","CALI - YUMBO - PUERTO TEJADA"
"356538000441118877356538000","5248388","TRANSFORMADOR","1","2","100","AEREO","JUNTA ADMINISTRADORA DE LOS SERVICIOS DE ACUEDUCTO Y ALCANTARILLADO DE LA URBANIZACION CERROS DEL GRANATE","2438","165","31","OR0001","114","5248388","76001001","CENTRO POBLADO","NINGUNA","NINGUNA","0","BAJO-BAJO","NO",,,,,,,,"2438","EMPRESAS MUNICIPALES DE CALI   E.I.C.E  E.S.P","2021","8","VALLE DEL CAUCA","CALI","EL SALADITO","CALI - YUMBO - PUERTO TEJADA"
"984532298191085924984532298","2374439","TRANSFORMADOR","1","2","0","SUBTERRANEO","JUNTA ADMINISTRADORA DE LOS SERVICIOS DE ACUEDUCTO Y ALCANTARILLADO DE LA URBANIZACION CERROS DEL GRANATE","2438","165","11","OR0001","2008","2374439","76001000","URBANO","NINGUNA","NINGUNA","0","ALTO","NO",,,,,,,,"2438","EMPRESAS MUNICIPALES DE CALI   E.I.C.E  E.S.P","2021","8","VALLE DEL CAUCA","CALI","SANTIAGO DE CALI","CALI - YUMBO - PUERTO TEJADA"
"483388295925144219483388295","P3535","TRANSFORMADOR","1","2","0","SUBTERRANEO","JUNTA ADMINISTRADORA DE LOS SERVICIOS DE ACUEDUCTO Y ALCANTARILLADO DE LA URBANIZACION CERROS DEL GRANATE","2438","165","11","OR0001","513","P3535","76001000","URBANO","NINGUNA","NINGUNA","0","MEDIO","NO",,,,,,,,"2438","EMPRESAS MUNICIPALES DE CALI   E.I.C.E  E.S.P","2021","8","VALLE DEL CAUCA","CALI","SANTIAGO DE CALI","CALI - YUMBO - PUERTO TEJADA"
"4260430389059381142604303","1261053","TRANSFORMADOR","1","2","100","AEREO","JUNTA ADMINISTRADORA DE LOS SERVICIOS DE ACUEDUCTO Y ALCANTARILLADO DE LA URBANIZACION CERROS DEL GRANATE","2438","165","11","OR0001","1607","1261053","76001000","CENTRO POBLADO","NINGUNA","NINGUNA","0","BAJO-BAJO","NO",,,,,,,,"2438","EMPRESAS MUNICIPALES DE CALI   E.I.C.E  E.S.P","2021","8","VALLE DEL CAUCA","CALI","SANTIAGO DE CALI","CALI - YUMBO - PUERTO TEJADA"
"937565838201731800937565838","1035444","TRANSFORMADOR","1","2","100","AEREO","JUNTA ADMINISTRADORA DE LOS SERVICIOS DE ACUEDUCTO Y ALCANTARILLADO DE LA URBANIZACION CERROS DEL GRANATE","2438","165","11","OR0001","310","1035444","76001000","URBANO","NINGUNA","NINGUNA","0","MEDIO-BAJO","NO",,,,,,,,"2438","EMPRESAS MUNICIPALES DE CALI   E.I.C.E  E.S.P","2021","8","VALLE DEL CAUCA","CALI","SANTIAGO DE CALI","CALI - YUMBO - PUERTO TEJADA"
"483967563356860992483967563","P3403","TRANSFORMADOR","1","2","0","SUBTERRANEO","JUNTA ADMINISTRADORA DE LOS SERVICIOS DE ACUEDUCTO Y ALCANTARILLADO DE LA URBANIZACION CERROS DEL GRANATE","2438","165","11","OR0001","206","P3403","76001000","URBANO","NINGUNA","NINGUNA","0","MEDIO","NO",,,,,,,,"2438","EMPRESAS MUNICIPALES DE CALI   E.I.C.E  E.S.P","2021","8","VALLE DEL CAUCA","CALI","SANTIAGO DE CALI","CALI - YUMBO - PUERTO TEJADA"
"285966812718974228596681","P9274","TRANSFORMADOR","1","2","0","SUBTERRANEO","JUNTA ADMINISTRADORA DE LOS SERVICIOS DE ACUEDUCTO Y ALCANTARILLADO DE LA URBANIZACION CERROS DEL GRANATE","2438","165","11","OR0001","1608","P9274","76001000","URBANO","NINGUNA","NINGUNA","0","MEDIO","NO",,,,,,,,"2438","EMPRESAS MUNICIPALES DE CALI   E.I.C.E  E.S.P","2021","8","VALLE DEL CAUCA","CALI","SANTIAGO DE CALI","CALI - YUMBO - PUERTO TEJADA"
"346136424934939808346136424","P8150","TRANSFORMADOR","1","2","0","AEREO","JUNTA ADMINISTRADORA DE LOS SERVICIOS DE ACUEDUCTO Y ALCANTARILLADO DE LA URBANIZACION CERROS DEL GRANATE","2438","165","11","OR0001","409","P8150","76001000","URBANO","NINGUNA","NINGUNA","0","MEDIO-BAJO","NO",,,,,,,,"2438","EMPRESAS MUNICIPALES DE CALI   E.I.C.E  E.S.P","2021","8","VALLE DEL CAUCA","CALI","SANTIAGO DE CALI","CALI - YUMBO - PUERTO TEJADA"
"12017829637180901201782","1164848","TRANSFORMADOR","1","2","0","AEREO","JUNTA ADMINISTRADORA DE LOS SERVICIOS DE ACUEDUCTO Y ALCANTARILLADO DE LA URBANIZACION CERROS DEL GRANATE","2438","165","11","OR0001","1102","1164848","76001000","URBANO","NINGUNA","NINGUNA","0","BAJO-BAJO","NO",,,,,,,,"2438","EMPRESAS MUNICIPALES DE CALI   E.I.C.E  E.S.P","2021","8","VALLE DEL CAUCA","CALI","SANTIAGO DE CALI","CALI - YUMBO - PUERTO TEJADA"
"853156225491285246853156225","1075217","TRANSFORMADOR","1","2","100","AEREO","JUNTA ADMINISTRADORA DE LOS SERVICIOS DE ACUEDUCTO Y ALCANTARILLADO DE LA URBANIZACION CERROS DEL GRANATE","2438","165","11","OR0001","718","1075217","76001000","URBANO","NINGUNA","NINGUNA","0","BAJO","NO",,,,,,,,"2438","EMPRESAS MUNICIPALES DE CALI   E.I.C.E  E.S.P","2021","8","VALLE DEL CAUCA","CALI","SANTIAGO DE CALI","CALI - YUMBO - PUERTO TEJADA"
"725110116384240557725110116","E16648","TRANSFORMADOR","1","2","100","AEREO","JUNTA ADMINISTRADORA DE LOS SERVICIOS DE ACUEDUCTO Y ALCANTARILLADO DE LA URBANIZACION CERROS DEL GRANATE","2438","165","11","OR0001","1606","E16648","76001000","URBANO","NINGUNA","NINGUNA","0","BAJO","NO",,,,,,,,"2438","EMPRESAS MUNICIPALES DE CALI   E.I.C.E  E.S.P","2021","8","VALLE DEL CAUCA","CALI","SANTIAGO DE CALI","CALI - YUMBO - PUERTO TEJADA"
"9203487144190571292034871","E3792","TRANSFORMADOR","1","2","100","AEREO","JUNTA ADMINISTRADORA DE LOS SERVICIOS DE ACUEDUCTO Y ALCANTARILLADO DE LA URBANIZACION CERROS DEL GRANATE","2438","165","11","OR0001","109","E3792","76001000","URBANO","NINGUNA","NINGUNA","0","COMERCIAL","NO",,,,,,,,"2438","EMPRESAS MUNICIPALES DE CALI   E.I.C.E  E.S.P","2021","8","VALLE DEL CAUCA","CALI","SANTIAGO DE CALI","CALI - YUMBO - PUERTO TEJADA"
"60723514179614865607235141","E15304","TRANSFORMADOR","1","2","100","AEREO","JUNTA ADMINISTRADORA DE LOS SERVICIOS DE ACUEDUCTO Y ALCANTARILLADO DE LA URBANIZACION CERROS DEL GRANATE","2438","165","11","OR0001","718","E15304","76001000","URBANO","NINGUNA","NINGUNA","0","BAJO","NO",,,,,,,,"2438","EMPRESAS MUNICIPALES DE CALI   E.I.C.E  E.S.P","2021","8","VALLE DEL CAUCA","CALI","SANTIAGO DE CALI","CALI - YUMBO - PUERTO TEJADA"
"332314226207706683332314226","E7538","TRANSFORMADOR","1","2","100","AEREO","JUNTA ADMINISTRADORA DE LOS SERVICIOS DE ACUEDUCTO Y ALCANTARILLADO DE LA URBANIZACION CERROS DEL GRANATE","2438","165","11","OR0001","1701","E7538","76001000","URBANO","NINGUNA","NINGUNA","0","BAJO","NO",,,,,,,,"2438","EMPRESAS MUNICIPALES DE CALI   E.I.C.E  E.S.P","2021","8","VALLE DEL CAUCA","CALI","SANTIAGO DE CALI","CALI - YUMBO - PUERTO TEJADA"
"156533768660190431156533768","5045827","TRANSFORMADOR","1","2","100","AEREO","JUNTA ADMINISTRADORA DE LOS SERVICIOS DE ACUEDUCTO Y ALCANTARILLADO DE LA URBANIZACION CERROS DEL GRANATE","2438","165","11","OR0001","707","5045827","76001000","URBANO","NINGUNA","NINGUNA","0","MEDIO-BAJO","NO",,,,,,,,"2438","EMPRESAS MUNICIPALES DE CALI   E.I.C.E  E.S.P","2021","8","VALLE DEL CAUCA","CALI","SANTIAGO DE CALI","CALI - YUMBO - PUERTO TEJADA"
"5520614020253985055206140","E15879","TRANSFORMADOR","1","2","100","AEREO","JUNTA ADMINISTRADORA DE LOS SERVICIOS DE ACUEDUCTO Y ALCANTARILLADO DE LA URBANIZACION CERROS DEL GRANATE","2438","165","11","OR0001","707","E15879","76001000","URBANO","NINGUNA","NINGUNA","0","BAJO","NO",,,,,,,,"2438","EMPRESAS MUNICIPALES DE CALI   E.I.C.E  E.S.P","2021","8","VALLE DEL CAUCA","CALI","SANTIAGO DE CALI","CALI - YUMBO - PUERTO TEJADA"
"696261368444936579696261368","E4065","TRANSFORMADOR","1","2","100","AEREO","JUNTA ADMINISTRADORA DE LOS SERVICIOS DE ACUEDUCTO Y ALCANTARILLADO DE LA URBANIZACION CERROS DEL GRANATE","2438","165","11","OR0001","707","E4065","76001000","URBANO","NINGUNA","NINGUNA","0","COMERCIAL","NO",,,,,,,,"2438","EMPRESAS MUNICIPALES DE CALI   E.I.C.E  E.S.P","2021","8","VALLE DEL CAUCA","CALI","SANTIAGO DE CALI","CALI - YUMBO - PUERTO TEJADA"
"14816087000947701481608","E13432","TRANSFORMADOR","1","2","100","AEREO","JUNTA ADMINISTRADORA DE LOS SERVICIOS DE ACUEDUCTO Y ALCANTARILLADO DE LA URBANIZACION CERROS DEL GRANATE","2438","165","11","OR0001","1002","E13432","76001000","URBANO","NINGUNA","NINGUNA","0","BAJO-BAJO","NO",,,,,,,,"2438","EMPRESAS MUNICIPALES DE CALI   E.I.C.E  E.S.P","2021","8","VALLE DEL CAUCA","CALI","SANTIAGO DE CALI","CALI - YUMBO - PUERTO TEJADA"
"871401615125564460871401615","E16628","TRANSFORMADOR","1","2","100","AEREO","JUNTA ADMINISTRADORA DE LOS SERVICIOS DE ACUEDUCTO Y ALCANTARILLADO DE LA URBANIZACION CERROS DEL GRANATE","2438","165","11","OR0001","708","E16628","76001000","URBANO","NINGUNA","NINGUNA","0","MEDIO-BAJO","NO",,,,,,,,"2438","EMPRESAS MUNICIPALES DE CALI   E.I.C.E  E.S.P","2021","8","VALLE DEL CAUCA","CALI","SANTIAGO DE CALI","CALI - YUMBO - PUERTO TEJADA"
"109276686994327398109276686","E12970","TRANSFORMADOR","1","2","100","AEREO","JUNTA ADMINISTRADORA DE LOS SERVICIOS DE ACUEDUCTO Y ALCANTARILLADO DE LA URBANIZACION CERROS DEL GRANATE","2438","165","11","OR0001","409","E12970","76001000","URBANO","NINGUNA","NINGUNA","0","MEDIO-BAJO","NO",,,,,,,,"2438","EMPRESAS MUNICIPALES DE CALI   E.I.C.E  E.S.P","2021","8","VALLE DEL CAUCA","CALI","SANTIAGO DE CALI","CALI - YUMBO - PUERTO TEJADA"
"744143941185295403744143941","E11017","TRANSFORMADOR","1","2","100","AEREO","JUNTA ADMINISTRADORA DE LOS SERVICIOS DE ACUEDUCTO Y ALCANTARILLADO DE LA URBANIZACION CERROS DEL GRANATE","2438","165","11","OR0001","1801","E11017","76892000","URBANO","NINGUNA","NINGUNA","0","BAJO-BAJO","NO",,,,,,,,"2438","EMPRESAS MUNICIPALES DE CALI   E.I.C.E  E.S.P","2021","8","VALLE DEL CAUCA","YUMBO","YUMBO","CALI - YUMBO - PUERTO TEJADA"
"731111231533811668731111231","E3532","TRANSFORMADOR","1","2","100","AEREO","JUNTA ADMINISTRADORA DE LOS SERVICIOS DE ACUEDUCTO Y ALCANTARILLADO DE LA URBANIZACION CERROS DEL GRANATE","2438","165","11","OR0001","1801","E3532","76892000","URBANO","NINGUNA","NINGUNA","0","MEDIO-BAJO","NO",,,,,,,,"2438","EMPRESAS MUNICIPALES DE CALI   E.I.C.E  E.S.P","2021","8","VALLE DEL CAUCA","YUMBO","YUMBO","CALI - YUMBO - PUERTO TEJADA"
"775775880593450803775775880","E14292","TRANSFORMADOR","1","2","100","AEREO","JUNTA ADMINISTRADORA DE LOS SERVICIOS DE ACUEDUCTO Y ALCANTARILLADO DE LA URBANIZACION CERROS DEL GRANATE","2438","165","11","OR0001","310","E14292","76001000","URBANO","NINGUNA","NINGUNA","0","BAJO","NO",,,,,,,,"2438","EMPRESAS MUNICIPALES DE CALI   E.I.C.E  E.S.P","2021","8","VALLE DEL CAUCA","CALI","SANTIAGO DE CALI","CALI - YUMBO - PUERTO TEJADA"
"9167464610654925191674646","E11353","TRANSFORMADOR","1","2","100","AEREO","JUNTA ADMINISTRADORA DE LOS SERVICIOS DE ACUEDUCTO Y ALCANTARILLADO DE LA URBANIZACION CERROS DEL GRANATE","2438","165","11","OR0001","1102","E11353","76001000","URBANO","NINGUNA","NINGUNA","0","BAJO-BAJO","NO",,,,,,,,"2438","EMPRESAS MUNICIPALES DE CALI   E.I.C.E  E.S.P","2021","8","VALLE DEL CAUCA","CALI","SANTIAGO DE CALI","CALI - YUMBO - PUERTO TEJADA"
"495848072514534627495848072","E8247","TRANSFORMADOR","1","2","100","AEREO","JUNTA ADMINISTRADORA DE LOS SERVICIOS DE ACUEDUCTO Y ALCANTARILLADO DE LA URBANIZACION CERROS DEL GRANATE","2438","165","11","OR0001","512","E8247","76001000","URBANO","NINGUNA","NINGUNA","0","MEDIO-BAJO","NO",,,,,,,,"2438","EMPRESAS MUNICIPALES DE CALI   E.I.C.E  E.S.P","2021","8","VALLE DEL CAUCA","CALI","SANTIAGO DE CALI","CALI - YUMBO - PUERTO TEJADA"
"372409640540022238372409640","E11584","TRANSFORMADOR","1","2","100","AEREO","JUNTA ADMINISTRADORA DE LOS SERVICIOS DE ACUEDUCTO Y ALCANTARILLADO DE LA URBANIZACION CERROS DEL GRANATE","2438","165","11","OR0001","712","E11584","76001000","URBANO","NINGUNA","NINGUNA","0","BAJO-BAJO","NO",,,,,,,,"2438","EMPRESAS MUNICIPALES DE CALI   E.I.C.E  E.S.P","2021","8","VALLE DEL CAUCA","CALI","SANTIAGO DE CALI","CALI - YUMBO - PUERTO TEJADA"
"8512640046744787851264004","E13499","TRANSFORMADOR","1","2","100","AEREO","JUNTA ADMINISTRADORA DE LOS SERVICIOS DE ACUEDUCTO Y ALCANTARILLADO DE LA URBANIZACION CERROS DEL GRANATE","2438","165","31","OR0001","1606","E13499","76001005","URBANO","NINGUNA","NINGUNA","0","BAJO-BAJO","NO",,,,,,,,"2438","EMPRESAS MUNICIPALES DE CALI   E.I.C.E  E.S.P","2021","8","VALLE DEL CAUCA","CALI","LA BUITRERA","CALI - YUMBO - PUERTO TEJADA"
