Departamento,Municipio,Empresa,Variable Calculada,Estrato 1,Estrato 2,Estrato 3,Estrato 4,Estrato 5,Estrato 6,Total Residencial,Industrial,Comercial,Oficial,Otros,Total No Residencial
ANTIOQUIA,MEDELLÍN,EMPRESAS PÚBLICAS DE MEDELLIN E.S.P.,usuarios Empresa Departamento y Municipio,119213,285377,252786,100376,71730,38750,868232,6948,75010,1686,511,84155
,,,,,,,,,,,,,,,
Año,2021
Período,1
Ubicación,Urbano
Departamento,ANTIOQUIA
Municipio,MEDELLÍN
Empresa,EMPRESAS PÚBLICAS DE MEDELLIN E.S.P.
Reporte a Consultar,Suscriptores
